k,k2,l,l2,RMSE1,MAE1,PBias1,KGE1,RMSE2,MAE2,PBias2,KGE2,RMSE3,MAE3,PBias3,KGE3
1e-13,1e-15,2.0,2.0,0.8171448150126931,0.6445665957128511,-0.057368910609615985,0.3480320904895401,0.4626480019081339,0.3648407722499279,-0.24197770677754699,0.2110118129063605,0.25932175046118094,0.20157194910311005,0.008029661147566099,0.12765549561266576
1e-13,1e-15,2.0,2.6666666666666665,0.817182551046762,0.6445942308723644,-0.05780367608026615,0.3480483710580854,0.46799585815480843,0.3691893712629117,-0.25015178392232207,0.2134614600159478,0.28031233905076963,0.21790110865308782,-0.006013544303360399,0.13798212424408762
1e-13,1e-15,2.0,3.333333333333333,0.8172493301779131,0.6446457673474489,-0.05806268265728823,0.3480769463648238,0.4723142374868236,0.3726614678115154,-0.25500514116066597,0.21543697846407606,0.2939462135648777,0.2284689311484791,-0.01429784494752421,0.14468923216128804
1e-13,1e-15,2.0,4.0,0.8173182103739187,0.6446994087501606,-0.058238695429278606,0.3481063778833934,0.475785661748197,0.37543582814244936,-0.25829461439643325,0.21702412217621658,0.30361630792625977,0.23594891196081666,-0.01988796375924005,0.14944625940860523
1e-13,1e-15,2.6666666666666665,2.0,0.8206086256292975,0.6473461927152447,-0.0585389338473296,0.349508143282657,0.49371064968511513,0.38958219309672254,-0.2552254674596497,0.22519530925630427,0.2776147510739571,0.21588924253943587,-0.0007801482067722591,0.13665886409205164
1e-13,1e-15,2.6666666666666665,2.6666666666666665,0.8207760558690088,0.6474767127316655,-0.05897197122041056,0.34957966063035284,0.5013615763679373,0.39571969760387893,-0.2633282809414567,0.22869417808220716,0.2999014022635844,0.2331859674302442,-0.014715243018326859,0.14762278128524808
1e-13,1e-15,2.6666666666666665,3.333333333333333,0.8209336684942315,0.6476000157683698,-0.059228841116585176,0.3496469200408331,0.5071625631772074,0.400339372423646,-0.2681183593281873,0.2313450356191784,0.3141995775179113,0.2442463913769656,-0.022910212227602925,0.15465643370176851
1e-13,1e-15,2.6666666666666665,4.0,0.8210700583213315,0.6477067956883313,-0.059402829654546484,0.34970510138241373,0.5116695376531166,0.403918032510958,-0.2713544235416877,0.23340381569428537,0.32425163962995784,0.2520049902154885,-0.028427497254380707,0.15960116561856685
1e-13,1e-15,3.333333333333333,2.0,0.8228325593138478,0.6491323721769973,-0.059219545097077234,0.35045575313866495,0.5138880730510127,0.4056157558990417,-0.26295934768193924,0.23440661827839626,0.28904732882787015,0.22480315343402757,-0.005957206013495203,0.1422858887277697
1e-13,1e-15,3.333333333333333,2.6666666666666665,0.8230924970010617,0.6493359784639733,-0.059649679361881876,0.3505666655135131,0.5229464313902175,0.41282738542812525,-0.2709911789123515,0.23854651575011598,0.3119642382880687,0.24256227303840286,-0.019802222959103447,0.15355968835889844
1e-13,1e-15,3.333333333333333,3.333333333333333,0.8233125488741031,0.6495085216962728,-0.05990397886706262,0.3506605136056642,0.5296144375557378,0.41812390719676973,-0.27572439849765457,0.24159216839951447,0.32654135066823936,0.25382047945167624,-0.02792678281094087,0.16073042227405487
1e-13,1e-15,3.333333333333333,4.0,0.8234940589513986,0.6496508428947259,-0.06007581202176887,0.3507379077321049,0.5347049162214904,0.4221561082414882,-0.2789149566447099,0.24391658665446425,0.33672465513337774,0.2616648275634548,-0.033388519042384816,0.16573960968808643
1e-13,1e-15,4.0,2.0,0.824407493200928,0.6503990132659427,-0.05967397033455496,0.35112678930443564,0.5281744533253525,0.4169437462466686,-0.2681398857550228,0.24092780780346967,0.2969464133122424,0.23094462607133906,-0.009440427678083304,0.14617386004916
1e-13,1e-15,4.0,2.6666666666666665,0.8247350156959895,0.6506556643099547,-0.06010118331485443,0.35126648135051575,0.5381663039132039,0.4248746095114632,-0.27611006879597066,0.24549277997229157,0.32020353123919,0.24894687372226199,-0.0232122111308908,0.15761492094502672
1e-13,1e-15,4.0,3.333333333333333,0.8249993681093689,0.6508630294594373,-0.060353110154825224,0.3513791926887503,0.5453868940028559,0.4305941718693731,-0.28079611744054733,0.24878997171166872,0.33490059119699767,0.26029057983384785,-0.031281327069777494,0.16484457941717
1e-13,1e-15,4.0,4.0,0.8252121458087276,0.6510299099407144,-0.06052303634163376,0.35146989989577626,0.5508362165910552,0.4349026599658203,-0.28394991213852816,0.25127768629250224,0.3451173399410645,0.26816362433550217,-0.03670018876315922,0.16987015700864005
1e-13,4.641588833612772e-15,2.0,2.0,0.8173917519075565,0.6447704487336209,-0.058335175352565154,0.3481375428075799,0.46520032698847125,0.36696783070034716,-0.25487788311110676,0.21218543987814242,0.26049025496485667,0.2024080046688372,-0.005669265761555698,0.12822454039790543
1e-13,4.641588833612772e-15,2.0,2.6666666666666665,0.817419380795518,0.644790016466999,-0.058705502239165874,0.34814949325955624,0.47038350071125395,0.37116898939390736,-0.26185175541428923,0.21455800554532722,0.28147404612268784,0.21875227734617234,-0.017601470843855212,0.13854769609135642
1e-13,4.641588833612772e-15,2.0,3.333333333333333,0.8174790803288169,0.644835949188666,-0.05892636857291599,0.3481750380688584,0.4745974932419934,0.3745440160960332,-0.2659920603913094,0.2164848082858375,0.29513504733102247,0.2293610482310354,-0.024625629547947676,0.1452681928608469
1e-13,4.641588833612772e-15,2.0,4.0,0.817542692888074,0.644885348138356,-0.05907654698151175,0.34820221567328535,0.47799680862795785,0.377262473249226,-0.26879727338336457,0.2180383437663561,0.3048372944340245,0.23688004927903422,-0.029357374961674367,0.15004112049658758
1e-13,4.641588833612772e-15,2.6666666666666665,2.0,0.8208144529365639,0.6475159069446415,-0.059336198392180975,0.34959600069234853,0.49607068526859666,0.3915130898394189,-0.2661758555599556,0.22627823190169083,0.27868441269256283,0.21663353955695747,-0.013211066379365517,0.13717959406937952
1e-13,4.641588833612772e-15,2.6666666666666665,2.6666666666666665,0.8209691163193232,0.6476361134496034,-0.0597055741139326,0.3496620581170632,0.5035032557426579,0.3974734994924355,-0.2730859691178203,0.22967578689445045,0.3008936168636162,0.23389517916140573,-0.025040315413191398,0.148105421660797
1e-13,4.641588833612772e-15,2.6666666666666665,3.333333333333333,0.8211179823718703,0.6477524341264527,-0.05992472023751387,0.34972557904621215,0.5091680906223615,0.40198578863182605,-0.2771670241595661,0.23226360095245957,0.3151772113016847,0.24496351362521612,-0.0319786841048186,0.15513203501857187
1e-13,4.641588833612772e-15,2.6666666666666665,4.0,0.8212479538253609,0.64785410905267,-0.0600731315219551,0.3497810178355518,0.5135818379440464,0.40548721046208414,-0.2799213413617363,0.23427925621993806,0.3252334702313322,0.25273608149892113,-0.036640272603674875,0.16007897895993362
1e-13,4.641588833612772e-15,3.333333333333333,2.0,0.8230126818619846,0.6492807101067356,-0.059914184247764304,0.3505326187273229,0.5160739523534162,0.4073860991842924,-0.2727331497483189,0.2354085550205285,0.29004236556673274,0.22548710975572392,-0.017622385059004042,0.14277015160778306
1e-13,4.641588833612772e-15,3.333333333333333,2.6666666666666665,0.8232581940005792,0.6494726952255556,-0.06028097889519766,0.3506373668380698,0.524882621090186,0.41440590651983855,-0.27957555600977496,0.23943302022080626,0.31283960117489795,0.24317650370097155,-0.029364474646350135,0.15398517715791227
1e-13,4.641588833612772e-15,3.333333333333333,3.333333333333333,0.8234685089063254,0.6496374617337787,-0.060497704996636016,0.3507270560506066,0.5313966883377357,0.41958189343910995,-0.2836013401727388,0.24240763003828025,0.327377426163848,0.2544207816291972,-0.03623449574737432,0.16113677555531303
1e-13,4.641588833612772e-15,3.333333333333333,4.0,0.8236429458231593,0.6497741290993153,-0.06064404170442695,0.3508014297903682,0.5363825346606975,0.42352781042446747,-0.2863110540287077,0.24468380361717235,0.33754851213917064,0.26227001669028227,-0.040842113105195275,0.16614014102720331
1e-13,4.641588833612772e-15,4.0,2.0,0.8245697877479038,0.6505324134143364,-0.06029781988785245,0.35119603515225273,0.5302201445132791,0.4185948563390043,-0.27710541557086893,0.24186486156072717,0.29788632837451884,0.231579978757566,-0.020579760460281708,0.1466311983264844
1e-13,4.641588833612772e-15,4.0,2.6666666666666665,0.824881792639222,0.6507766244708024,-0.06066183851061695,0.35132909940286383,0.5399421346088252,0.42631204303576453,-0.28388774265547934,0.24630533148693512,0.3209952356478328,0.24949232681867295,-0.032250441377214514,0.1579995092316545
1e-13,4.641588833612772e-15,4.0,3.333333333333333,0.8251357878346199,0.6509757627499622,-0.06087624528928767,0.35143738875281016,0.5469977594654166,0.43190418775687023,-0.2878670049098319,0.24952653683179737,0.3356364189842879,0.2608099213594999,-0.039066338120732395,0.16520191197558354
1e-13,4.641588833612772e-15,4.0,4.0,0.8253411015053961,0.6511366935393816,-0.061020695011631765,0.3515249098754841,0.5523356181757574,0.4361265345540679,-0.290540262902806,0.2519629527243916,0.34582999471510717,0.26867701598152727,-0.043632100640940544,0.17021630776235386
1e-13,2.1544346900318866e-14,2.0,2.0,0.8180570585568558,0.6453289314191998,-0.061925772649734596,0.3484217899638622,0.4714660080834376,0.3723089631722291,-0.3032855223614798,0.21506745140682715,0.26870983629428297,0.20895899880110255,-0.057506031571369784,0.13223194437160513
1e-13,2.1544346900318866e-14,2.0,2.6666666666666665,0.8181031251965912,0.6453637966823221,-0.0620730896206239,0.34844152156889774,0.47702010834879643,0.37676309143347636,-0.3059384715793417,0.21760341621010237,0.2895261911174571,0.2251830958663532,-0.061460645177339526,0.14247516162680074
1e-13,2.1544346900318866e-14,2.0,3.333333333333333,0.8181731010223424,0.6454184769155695,-0.06216251283544177,0.34847139928516746,0.4814156009731784,0.3802750321546268,-0.3075183256775738,0.21960971198740853,0.30295217393752377,0.2356181115032599,-0.06374305461064225,0.14908191479951394
1e-13,2.1544346900318866e-14,2.0,4.0,0.8182430655841244,0.6454733648216414,-0.062223860451466356,0.34850125188361725,0.48491316771219767,0.38306133661717245,-0.3085871180373072,0.2212059035641003,0.31243098678011016,0.2429668651785122,-0.06525406664181356,0.15374640458102962
1e-13,2.1544346900318866e-14,2.6666666666666665,2.0,0.821316361161543,0.6479391050505781,-0.0623102789222921,0.3498103921454192,0.5016394218146936,0.39620411608771294,-0.30734372389293935,0.22883442573222035,0.28648953904968055,0.22284684000071078,-0.06018612739369575,0.14098587313085065
1e-13,2.1544346900318866e-14,2.6666666666666665,2.6666666666666665,0.8214840526761652,0.648069675132227,-0.06245526677797554,0.349881933334394,0.5092806246755824,0.40229088014858433,-0.30991877309791654,0.23232203012265107,0.30828780388977856,0.2397953349030179,-0.06406672074077582,0.15171228956803118
1e-13,2.1544346900318866e-14,2.6666666666666665,3.333333333333333,0.821639164165051,0.648191192039005,-0.06254185882855018,0.3499480748888797,0.5150149344859037,0.4068402394207333,-0.31142842078009647,0.23493869591921523,0.32218946801983384,0.2505620802937135,-0.06628255580542856,0.15855311625435398
1e-13,2.1544346900318866e-14,2.6666666666666665,4.0,0.8217723202972272,0.6482956606486635,-0.062600535650901,0.35000484305882074,0.5194437483470543,0.41034800296067886,-0.3124376857463556,0.2369594040605666,0.33192181582356267,0.25808237302627185,-0.06773753750468098,0.16334236853227102
1e-13,2.1544346900318866e-14,3.333333333333333,2.0,0.8234181988563363,0.6496239749543059,-0.06250974972371807,0.35070582111697923,0.5210821401085833,0.4115663714958299,-0.30949104314264236,0.23770499483102125,0.29753354159348033,0.2314369007577041,-0.061646490500534244,0.14642382204747284
1e-13,2.1544346900318866e-14,3.333333333333333,2.6666666666666665,0.8236730644828487,0.6498232488649128,-0.0626506441030754,0.3508144929620899,0.5299999877249195,0.4186665369860033,-0.31198432694589107,0.2417746351291048,0.3197802028762091,0.24870246818771716,-0.06545568071153055,0.15737095478466712
1e-13,2.1544346900318866e-14,3.333333333333333,3.333333333333333,0.8238869650426686,0.6499909663493921,-0.06273370357725835,0.3509056734373015,0.5365165478973758,0.42383084548261934,-0.31342866219212856,0.24474787874929915,0.33385242611410654,0.25959559978658314,-0.06761386894049132,0.16429575461385604
1e-13,2.1544346900318866e-14,3.333333333333333,4.0,0.8240625403206367,0.6501285872908161,-0.06278944793166129,0.3509805076126513,0.5414686673079205,0.4277438836107584,-0.31438575874130115,0.24700709858488412,0.3436428708822556,0.2671520841313261,-0.06902281347526529,0.16911363257529566
1e-13,2.1544346900318866e-14,4.0,2.0,0.8249114230169022,0.6508222330926202,-0.06263070684021904,0.35134194748726133,0.5348001347355154,0.4224044448406435,-0.31081842175665886,0.24396354044264357,0.30514194021804586,0.2373444632590199,-0.06257323290046195,0.15017032735043934
1e-13,2.1544346900318866e-14,4.0,2.6666666666666665,0.8252302692562288,0.6510720070769063,-0.06276746980465193,0.3514778694542948,0.5445648491973355,0.43015877135848496,-0.3132393503995446,0.24841924853615394,0.3276082987913192,0.25476981088030526,-0.06632072823859374,0.16122565098035702
1e-13,2.1544346900318866e-14,4.0,3.333333333333333,0.8254860614797346,0.6512725162124702,-0.06284725088306592,0.35158689096542917,0.551578948821601,0.4357167937263964,-0.3146287147936865,0.251619266233325,0.3417291232338021,0.2656797382447454,-0.06843150596504616,0.16817442328510146
1e-13,2.1544346900318866e-14,4.0,4.0,0.8256911548057424,0.6514332410215723,-0.06290038709365718,0.3516742958446407,0.5568514397362835,0.4398826538322273,-0.3155431332258522,0.25402448659909793,0.3515052161422851,0.27321094002617674,-0.069803598746811,0.17298528510710365
1e-13,1e-13,2.0,2.0,0.8196260699120719,0.6466486261197834,-0.06989751113892305,0.34909137823135405,0.48918037111880247,0.3872241396321616,-0.4150101605752041,0.2231224713560246,0.29471954458272404,0.22977152020494143,-0.18347331783335039,0.14485281990931687
1e-13,1e-13,2.0,2.6666666666666665,0.8197193776055498,0.6467225061256594,-0.06957502996267886,0.3491311358958191,0.4953071843312126,0.3920742871868871,-0.40785863953506224,0.22591809965253795,0.3134948483071859,0.24427454314340002,-0.16756173515983644,0.154120822244475
1e-13,1e-13,2.0,3.333333333333333,0.8198148687549213,0.6467981620265705,-0.06938673957442489,0.3491718211558208,0.49992204870275636,0.39572642835169514,-0.40361491703775915,0.2280234999555022,0.32543743327538227,0.25352476160111764,-0.15805610431478778,0.1600147217308936
1e-13,1e-13,2.0,4.0,0.8199001458521711,0.6468656112261059,-0.06926003206549303,0.3492081534081899,0.5034952866810932,0.39855047351862666,-0.40072878381336396,0.22965359565171195,0.3337771676242339,0.2599857131921719,-0.1515715319360899,0.1641302601821929
1e-13,1e-13,2.6666666666666665,2.0,0.8224927747859653,0.6489316586730111,-0.06905129619077437,0.3503124267975515,0.5167357409762682,0.4087966329049525,-0.40366698111672966,0.23569799595576424,0.3104848520079858,0.24195111768194325,-0.17500487356309335,0.15263592237238277
1e-13,1e-13,2.6666666666666665,2.6666666666666665,0.8226960658690062,0.649092079042538,-0.06870392696320629,0.3503990366916071,0.5246368449645858,0.41504407627669426,-0.39618954716879645,0.23930266615124263,0.32988949265884043,0.2569709171489761,-0.1590698215212899,0.16221259806120636
1e-13,1e-13,2.6666666666666665,3.333333333333333,0.8228678638565826,0.6492274268558322,-0.06849891731229076,0.3504722271097357,0.530371770328379,0.41958339062257544,-0.39172497721638483,0.2419188316066888,0.3420848045240533,0.2664180846045749,-0.14953822598893837,0.16823029585258908
1e-13,1e-13,2.6666666666666665,4.0,0.823009344326366,0.6493386660738963,-0.06835987151021403,0.3505325003042349,0.534712959613732,0.42301001764391727,-0.3886757402219958,0.2438991453198971,0.35052157055065947,0.2729328876432346,-0.14303051508063952,0.17239321863896562
1e-13,1e-13,3.333333333333333,2.0,0.8243654703530583,0.6504250146662562,-0.06846835030089435,0.35111007813056505,0.5344278056643251,0.4226560935118358,-0.39619881956752623,0.24377202573576007,0.32025916525191955,0.2494842729843962,-0.1695662355481131,0.15746150449641005
1e-13,1e-13,3.333333333333333,2.6666666666666665,0.8246481603647199,0.6506470131425338,-0.0681017383237808,0.35123050983903714,0.543415188563503,0.4297620713616908,-0.38848118925674663,0.24787208986160203,0.3399080331479726,0.264711704765215,-0.1535917278660639,0.16715780446050899
1e-13,1e-13,3.333333333333333,3.333333333333333,0.824873002346783,0.6508236552188124,-0.06788386562229477,0.35132629481507704,0.5498020717614707,0.43480781050428763,-0.38385565390939863,0.2507856097290425,0.35214540897772245,0.2741786496621095,-0.1440288871894379,0.17319589602422492
1e-13,1e-13,3.333333333333333,4.0,0.8250524318934481,0.650964379677675,-0.06773540519927923,0.3514027323647557,0.5545708593859628,0.43856642666636697,-0.380688866885631,0.25296096626786635,0.3605508461597385,0.2806488725960568,-0.13749667806034893,0.17734320578581153
1e-13,1e-13,4.0,2.0,0.8257079616448222,0.6514976466638166,-0.06803435610875522,0.3516818909498123,0.5469045533265274,0.43243503645314296,-0.3907867925256972,0.24946597264821657,0.3269866521479228,0.2546730924271327,-0.16568902635964317,0.16078311291093716
1e-13,1e-13,4.0,2.6666666666666665,0.8260493494750333,0.6517654001669944,-0.06765250742144321,0.3518273256373853,0.556611626293567,0.4401055422687592,-0.38288426579912593,0.2538942888872696,0.3467195516905951,0.26996518884789267,-0.149674979170826,0.17052040906152066
1e-13,1e-13,4.0,3.333333333333333,0.8263122183035981,0.6519713472510359,-0.06742453907833114,0.35193930799242135,0.5634100757174163,0.4454677943140026,-0.37813627341876616,0.25699555214291836,0.3589205265761612,0.2793834682404723,-0.1400834402687342,0.17654039395800858
1e-13,1e-13,4.0,4.0,0.8265181801818512,0.6521324503460663,-0.06726875280422212,0.35202704658506634,0.5684366990031385,0.44942779727671267,-0.37488095040072184,0.25928854122873735,0.36725288541440015,0.2857952258356348,-0.13352971073576206,0.1806516161723093
4.641588833612772e-13,1e-15,2.0,2.0,0.8171403043316624,0.6445662253183075,-0.057434926264910126,0.3480301405387166,0.4620939285314007,0.3643401617606428,-0.24263249149019162,0.2107578336896755,0.25844047717220897,0.20082076102628052,0.0076128754148976725,0.12722208884996067
4.641588833612772e-13,1e-15,2.0,2.6666666666666665,0.8171741243734671,0.6445907682840778,-0.057868614543674195,0.34804475300537285,0.4673249443571282,0.36859228769372504,-0.250795736247114,0.21315428549716597,0.2793368996595109,0.2170809863560411,-0.006415826192009227,0.13750246635869157
4.641588833612772e-13,1e-15,2.0,3.333333333333333,0.8172381179913505,0.6446400906696804,-0.05812692536228487,0.3480721418403727,0.47156852623088874,0.37200553881578136,-0.25564258427032643,0.2150957572751795,0.29292874318616474,0.2276183755757191,-0.014691091965413633,0.14418894698553275
4.641588833612772e-13,1e-15,2.0,4.0,0.81730490100906,0.6446920225028595,-0.0583024418943298,0.34810068011958994,0.4749877196722326,0.3747409033802481,-0.25892761069729114,0.21665913066803777,0.3025772755128211,0.23508764697424553,-0.02027483621883879,0.14893540223242074
4.641588833612772e-13,1e-15,2.6666666666666665,2.0,0.8205977687612834,0.6473399824423562,-0.05858790683173432,0.3495034970207189,0.4931575959202972,0.3890992879161949,-0.2557357008714862,0.22494212656920642,0.2768047562650552,0.2152015349917162,-0.001120513298520033,0.13626054256381925
4.641588833612772e-13,1e-15,2.6666666666666665,2.6666666666666665,0.8207606771297531,0.6474669594491902,-0.05901996678444193,0.34957308845433066,0.5007005429866688,0.3951364086673908,-0.263828775190609,0.22839185195802825,0.2990227566356621,0.23245024417940588,-0.015041529735398688,0.14719075833969952
4.641588833612772e-13,1e-15,2.6666666666666665,3.333333333333333,0.8209151921828292,0.647587853658599,-0.059276210338687615,0.34963902866024077,0.5064349730424382,0.3997091090511337,-0.2686129254131633,0.23101242870166294,0.3132945948859811,0.24349210023042728,-0.02322758892571494,0.15421150013722562
4.641588833612772e-13,1e-15,2.6666666666666665,4.0,0.8210493095802648,0.6476928765383632,-0.05944975438573662,0.34969624225492424,0.5108968104013131,0.40325262948224333,-0.27184489008747853,0.2330506789534681,0.3233359355110669,0.2512463493014831,-0.028738517217038607,0.15915098899061186
4.641588833612772e-13,1e-15,3.333333333333333,2.0,0.8228197815721997,0.649124292246343,-0.05925875164096512,0.3504502929079709,0.5133742061648997,0.4051650367654749,-0.2633813401952869,0.23417150972164313,0.2883032934794498,0.2241693200414326,-0.0062492392969821,0.14192002244196478
4.641588833612772e-13,1e-15,3.333333333333333,2.6666666666666665,0.8230750252238872,0.6493240606419164,-0.05968798955525352,0.3505592061762496,0.5223338355710155,0.412295208555585,-0.27140391453702184,0.23826648446199528,0.31116801116422954,0.24189497584681932,-0.02008027502052926,0.15316821196648045
4.641588833612772e-13,1e-15,3.333333333333333,3.333333333333333,0.8232919421125053,0.6494941643152421,-0.0599417165895595,0.3506517192219085,0.5289427780897854,0.41754394930978006,-0.2761314141672953,0.24128527427367719,0.3257288845747275,0.25314414159586357,-0.028195883846102273,0.1603309975872239
4.641588833612772e-13,1e-15,3.333333333333333,4.0,0.8234711947205844,0.6496347239465547,-0.060113144241590935,0.3507281520394906,0.5339941604212992,0.42154466534803275,-0.2793179693610174,0.24359191757545962,0.3359084075003563,0.26099008465141316,-0.033651189339089504,0.16533835135568709
4.641588833612772e-13,1e-15,4.0,2.0,0.8243944982279957,0.650390438027802,-0.0597066972607894,0.35112123941895046,0.5277057275182315,0.4165324538310234,-0.26850079886384937,0.24071342224304704,0.29625808217588323,0.23035938329279765,-0.009698148139113922,0.14583539872571571
4.641588833612772e-13,1e-15,4.0,2.6666666666666665,0.824717328871247,0.6506433872342573,-0.06013307699652973,0.35125893336315284,0.5376069199464215,0.42439373223019217,-0.27646195437112225,0.2452371503333134,0.3194747425926742,0.24833658995031213,-0.02345593809561445,0.1572566162116441
4.641588833612772e-13,1e-15,4.0,3.333333333333333,0.8249786102686759,0.6508482650574703,-0.060384472229093336,0.3513703369475454,0.5447746553042645,0.4300671831380977,-0.28114235177292,0.2485103086515903,0.3341627252134266,0.2596761583381544,-0.0315160241597926,0.1644818444299735
4.641588833612772e-13,1e-15,4.0,4.0,0.8251892103363109,0.6510134674053679,-0.06055402201227871,0.35146011688143186,0.5501897473415108,0.4343490604112515,-0.2842921548554855,0.25098246516857525,0.3443805822889331,0.267552721797665,-0.03692837171171019,0.16950798971170822
4.641588833612772e-13,4.641588833612772e-15,2.0,2.0,0.8174244240342157,0.6448000331369979,-0.05842980588299087,0.3481514486015096,0.4650521406533697,0.3667811288487357,-0.255952753411846,0.21211713026932133,0.2597210027105599,0.2017285774523044,-0.006588385746475727,0.12784611860370598
4.641588833612772e-13,4.641588833612772e-15,2.0,2.6666666666666665,0.8174477239749864,0.6448161456973366,-0.058796118278652866,0.34816155373889834,0.4701098404571758,0.37087841883028105,-0.26286419487531654,0.2144324778954364,0.2806118417730904,0.2180098503847494,-0.018418349452981042,0.13812362768654274
4.641588833612772e-13,4.641588833612772e-15,2.0,3.333333333333333,0.8175044005112195,0.64485963245701,-0.059014550448897585,0.3481858101320956,0.47424440795364947,0.3741938027445515,-0.26696735285401346,0.21632307649770255,0.29423386926011763,0.2285917051825398,-0.02538087918063314,0.144825010302014
4.641588833612772e-13,4.641588833612772e-15,2.0,4.0,0.8175657627207463,0.6449073147753147,-0.059163058809224685,0.3482120287153124,0.47758870913782403,0.37687144846901327,-0.269747351840296,0.21785154196699663,0.3039176742317001,0.23610037675825984,-0.030070335127002745,0.14958890883934417
4.641588833612772e-13,4.641588833612772e-15,2.6666666666666665,2.0,0.820833055108968,0.6475334918752302,-0.05940974233252917,0.34960391413006264,0.49583335949059565,0.3912734776166295,-0.26704499320573993,0.22616943148802826,0.2779345275597397,0.2159773645800912,-0.014009509986098873,0.13681070366086567
4.641588833612772e-13,4.641588833612772e-15,2.6666666666666665,2.6666666666666665,0.8209825280331534,0.6476496482831967,-0.05977536189943966,0.3496677596959379,0.5031454693853484,0.3971234578797904,-0.27389547597251757,0.22951207632821646,0.30007593876748556,0.23319339477626932,-0.025738296612677167,0.1477032637207112
4.641588833612772e-13,4.641588833612772e-15,2.6666666666666665,3.333333333333333,0.8211279046489874,0.6477632625566974,-0.05999224267419606,0.3497297938220185,0.5087371731073043,0.4015827543720477,-0.27794099712430403,0.23206657098906014,0.3143366360513165,0.2442478925987501,-0.03261599092312304,0.15471867059292832
4.641588833612772e-13,4.641588833612772e-15,2.6666666666666665,4.0,0.821255346737015,0.6478629835800888,-0.06013910510963309,0.34978415496186344,0.513101876045965,0.40504763144622524,-0.280671153878407,0.23405988892624108,0.3243858158839727,0.2520187422168382,-0.037235891480359926,0.15966217328699894
4.641588833612772e-13,4.641588833612772e-15,3.333333333333333,2.0,0.8230242274220072,0.6492923224447724,-0.059975443272383536,0.35053752753860334,0.5158167375036503,0.4071357394579136,-0.2734786188065785,0.23529079410762677,0.2893268237405774,0.22486185446418405,-0.018346113341749383,0.1424181545385811
4.641588833612772e-13,4.641588833612772e-15,3.333333333333333,2.6666666666666665,0.8232642136599437,0.6494798983088439,-0.06033866054313444,0.3506399211739356,0.5245123808867577,0.4140558232986521,-0.2802629515301422,0.2392637495236416,0.31207301942866056,0.24252076222388902,-0.0299888018887139,0.15360815148664186
4.641588833612772e-13,4.641588833612772e-15,3.333333333333333,3.333333333333333,0.823470909615242,0.6496418221530106,-0.06055323438115483,0.35072806859507033,0.5309600520908143,0.41918101282538794,-0.28425404624080375,0.24220811706960532,0.32659861638096604,0.25376147906196767,-0.036798705074985165,0.16075378848129973
4.641588833612772e-13,4.641588833612772e-15,3.333333333333333,4.0,0.8236427739895831,0.6497765040973379,-0.0606981015405854,0.3508013464220646,0.5359025531813273,0.42309450223386147,-0.2869401246617319,0.2444645558211458,0.3367701274828981,0.26161718798543454,-0.04136498363549633,0.16575740093770375
4.641588833612772e-13,4.641588833612772e-15,4.0,2.0,0.8245774326759783,0.6505406546699978,-0.06035080926871931,0.351199283521584,0.5299663099627528,0.4183520546427726,-0.2777659896949542,0.2417487200130075,0.2972050707247053,0.2309865505780519,-0.021251138519048852,0.14629606362553682
4.641588833612772e-13,4.641588833612772e-15,4.0,2.6666666666666665,0.8248838082756851,0.6507804210865742,-0.060711378244213604,0.3513299494310005,0.539582428402095,0.425986246281798,-0.28449120670669925,0.2461409464269554,0.3202751200284152,0.24887741104778935,-0.032823129811480486,0.15764533502171374
4.641588833612772e-13,4.641588833612772e-15,4.0,3.333333333333333,0.8251341936913318,0.6509766713509504,-0.06092371160490152,0.3514367010077112,0.5465775948628965,0.4315243337466956,-0.2884362745331316,0.24933461895054887,0.33491179080101036,0.260197668454072,-0.0395792806322321,0.16484556817704976
4.641588833612772e-13,4.641588833612772e-15,4.0,4.0,0.825336982951151,0.6511356530582567,-0.06106674612718125,0.3515231467970097,0.5518769318383359,0.4357175658967241,-0.29108619156539967,0.2517535002668636,0.34511118521535206,0.2680711121067042,-0.044103941373574714,0.16986286095318082
4.641588833612772e-13,2.1544346900318866e-14,2.0,2.0,0.8183748770459809,0.6455893632364197,-0.0626398076815694,0.34855733093200436,0.4749635940600855,0.37505215670857617,-0.31332072604003675,0.21666520723283356,0.27128913801992854,0.2108703107403819,-0.0685600919167468,0.13349225648953467
4.641588833612772e-13,2.1544346900318866e-14,2.0,2.6666666666666665,0.8184199772983052,0.6456235106020309,-0.06273897279025444,0.34857663578986864,0.4803820028747443,0.379388706304616,-0.3150471863243397,0.21913845484598915,0.2917112979299752,0.22679321280679926,-0.07077542205346488,0.14354266517749092
4.641588833612772e-13,2.1544346900318866e-14,2.0,3.333333333333333,0.8184883181442981,0.6456770064434817,-0.06279999357695179,0.3486058077602091,0.4846713358068773,0.3828107078640473,-0.31607844198721596,0.22109586978041207,0.30489385920108053,0.23704494027799675,-0.0720241330974541,0.15003037868931612
4.641588833612772e-13,2.1544346900318866e-14,2.0,4.0,0.8185566014770189,0.6457305777955107,-0.0628421680622053,0.3486349377653203,0.48808502036668466,0.3855269268393436,-0.31677570496343366,0.22265350657713867,0.31420452265822174,0.24426614481688189,-0.07283329743265098,0.15461265465220853
4.641588833612772e-13,2.1544346900318866e-14,2.6666666666666665,2.0,0.8215662429231784,0.6481443385860078,-0.062908029280211,0.3499169457169422,0.5045239995752938,0.39845164458967824,-0.31589020755713176,0.23015165935321047,0.28876992128647766,0.224538375352088,-0.07019758715443472,0.14209990545469875
4.641588833612772e-13,2.1544346900318866e-14,2.6666666666666665,2.6666666666666665,0.8217294948121266,0.6482714086745918,-0.0630048326717647,0.3499865817901019,0.511979616432912,0.4043873481643446,-0.3175387484159191,0.2335538843130801,0.31015558954323685,0.241170089771383,-0.07235200685956387,0.1526244683182878
4.641588833612772e-13,2.1544346900318866e-14,2.6666666666666665,3.333333333333333,0.8218806431959889,0.6483897723340489,-0.0630630038883807,0.35005102675328115,0.5175781218677749,0.4088299810826425,-0.3184995618104268,0.23610821738587828,0.32380444119725843,0.25174540751381075,-0.07354265838789428,0.15934164578880727
4.641588833612772e-13,2.1544346900318866e-14,2.6666666666666665,4.0,0.8220104296224519,0.6484915268643631,-0.06310249214159577,0.3501063537844463,0.521903433068165,0.4122547897608064,-0.3191370296284215,0.2380814751805468,0.3333629939539549,0.2591332495005014,-0.07430200694876878,0.16404591634690757
4.641588833612772e-13,2.1544346900318866e-14,3.333333333333333,2.0,0.8236264502564812,0.6497953591494439,-0.06303528595915338,0.35079461680275337,0.523585916972577,0.4135241195817886,-0.3171300980303574,0.2388480787107794,0.29964497961057035,0.23299916043126212,-0.0710202221214986,0.1474552149016175
4.641588833612772e-13,2.1544346900318866e-14,3.333333333333333,2.6666666666666665,0.8238746948129861,0.6499893318720565,-0.06312790630256648,0.35090045530221703,0.5322927010415516,0.420446151808087,-0.31869628577088754,0.2428207901579179,0.32147182573415817,0.24994680087987683,-0.07311182264074442,0.15819694773033588
4.641588833612772e-13,2.1544346900318866e-14,3.333333333333333,3.333333333333333,0.8240832328497425,0.6501526942703483,-0.0631824780067483,0.3509893438193059,0.5386593933138366,0.425488136102706,-0.31959124072168027,0.24572533787629303,0.3352881493716901,0.2606475168726513,-0.07425049082928271,0.16499658563073472
4.641588833612772e-13,2.1544346900318866e-14,3.333333333333333,4.0,0.8242544583742304,0.6502868696009643,-0.06321897965788983,0.35106231996430437,0.5434992955842631,0.4293127239009583,-0.32017608033069905,0.24793317170795137,0.3449032969822983,0.26807535442137176,-0.07496796847158341,0.16972874817316352
4.641588833612772e-13,2.1544346900318866e-14,4.0,2.0,0.8250914446803161,0.6509705705237667,-0.0631056299124318,0.35141870338521475,0.5370449030503374,0.4241589616825101,-0.3178301985170067,0.244988217944899,0.30714541669247003,0.23882862254536807,-0.07150553665858006,0.15114893725234113
4.641588833612772e-13,2.1544346900318866e-14,4.0,2.6666666666666665,0.8254022407811719,0.6512138978303063,-0.06319400608646897,0.35155118408671493,0.5465840550066803,0.43172349620076284,-0.31932326595696414,0.24934043876658296,0.3291889558409618,0.2559340997986593,-0.07354160969723328,0.16199738609129044
4.641588833612772e-13,2.1544346900318866e-14,4.0,3.333333333333333,0.8256517910247586,0.6514094046531799,-0.06324521597875005,0.35165753961252433,0.5534409152047706,0.43715483136506555,-0.32016263956700924,0.2524684372816375,0.3430530472481311,0.2666516519193561,-0.07463697883377787,0.1688205900974058
4.641588833612772e-13,2.1544346900318866e-14,4.0,4.0,0.8258519399742225,0.6515661999265188,-0.06327904379714867,0.3517428336246522,0.558596991216826,0.4412295210404766,-0.3207043198459643,0.2548203862859654,0.35265374834042923,0.2740473925130096,-0.07532064365263287,0.17354569298591116
4.641588833612772e-13,1e-13,2.0,2.0,0.8218276948467936,0.6484643431956385,-0.07670346674242537,0.3500295614823763,0.5194120660848123,0.4118164897918238,-0.5169613002960004,0.23678214915470674,0.33080804866641905,0.2586543561038596,-0.3073352263306984,0.16230962853280495
4.641588833612772e-13,1e-13,2.0,2.6666666666666665,0.8219435493460875,0.6485560210947916,-0.0760055297439434,0.3500789070837109,0.5249543078317426,0.41611746912802655,-0.5011035484981561,0.23932574787159067,0.34489519088319637,0.269112323989456,-0.2713974496141323,0.1693371954943348
4.641588833612772e-13,1e-13,2.0,3.333333333333333,0.8220463457770538,0.6486372522937608,-0.07559223747074542,0.35012269099119786,0.5290438417636835,0.41931629896380795,-0.49163124565098465,0.24119978701650746,0.35391386604465325,0.2759094457876449,-0.24996226171732072,0.17382894976606877
4.641588833612772e-13,1e-13,2.0,4.0,0.822132999748531,0.6487055399360103,-0.07531202216488363,0.35015959942624764,0.5321683780871825,0.4217531347871623,-0.4851733233501884,0.24263068508493824,0.3602030536788852,0.2806906261512444,-0.23537473289148397,0.17695911451069968
4.641588833612772e-13,1e-13,2.6666666666666665,2.0,0.8242332641310143,0.6503690501687109,-0.07499449452912338,0.3510541348337892,0.5420065519748152,0.4292544596286072,-0.49329162692523393,0.2471212549315852,0.3429411411588537,0.2677376750761318,-0.2889205061528085,0.16834306227546725
4.641588833612772e-13,1e-13,2.6666666666666665,2.6666666666666665,0.8244424679703042,0.6505337517199576,-0.07422707435374427,0.3511432394968875,0.5490206017543158,0.43474477069383216,-0.47656251669536853,0.2503349064323369,0.3575467248947925,0.27871497779718774,-0.2528966011672893,0.17562088592113845
4.641588833612772e-13,1e-13,2.6666666666666665,3.333333333333333,0.8246096191564545,0.6506650137090673,-0.07377070753451002,0.35121443348522097,0.554030969567509,0.43868066741746564,-0.4665518979718078,0.2526282628728542,0.36674603236639697,0.28571134560917655,-0.23142660029146905,0.18019861337451382
4.641588833612772e-13,1e-13,2.6666666666666665,4.0,0.8247433917432921,0.6507697639344323,-0.07346033427962542,0.35127141082042335,0.5577810073415975,0.4416250078875776,-0.45971879291119705,0.25434403385858473,0.3730813881935354,0.2905387701435958,-0.21682323014313384,0.18334950586802845
4.641588833612772e-13,1e-13,3.333333333333333,2.0,0.8258236455250773,0.6516303454099392,-0.07382847569401671,0.351731502169511,0.5565882814936997,0.4405601256637293,-0.4778406655760723,0.2537921714608654,0.3505222683495591,0.2734401135764521,-0.27714718874467903,0.17211222866804787
4.641588833612772e-13,1e-13,3.333333333333333,2.6666666666666665,0.8261010532674754,0.6518479842856844,-0.07301312940101554,0.351849655997706,0.5645123095208795,0.44677056034150214,-0.46053973494934514,0.2574201099610268,0.36531835321314854,0.28461617632269626,-0.24106086583703235,0.17948076429036464
4.641588833612772e-13,1e-13,3.333333333333333,3.333333333333333,0.8263134521476948,0.6520141738713906,-0.07252697696557456,0.35194012184061685,0.570061645406996,0.4511349049276624,-0.4501766929801543,0.25995889867016786,0.3745245038569214,0.29163451894963816,-0.219565340353354,0.1840600385003932
4.641588833612772e-13,1e-13,3.333333333333333,4.0,0.826479371644682,0.6521436817815726,-0.07219576851618584,0.35201079114765155,0.5741601266361546,0.4543551266371861,-0.44309898514885226,0.2618333596636938,0.380804024807303,0.2964397034418608,-0.20495035102971568,0.1871822039556844
4.641588833612772e-13,1e-13,4.0,2.0,0.8269734827668731,0.652543767321738,-0.07296506864486667,0.35222123254462334,0.5669113135183593,0.4485604033063239,-0.46670966003725145,0.25851427078721956,0.3557590480683304,0.2773731277072764,-0.2687810355663566,0.17471595729714795
4.641588833612772e-13,1e-13,4.0,2.6666666666666665,0.8273018017604697,0.6528010395281666,-0.07211399299481185,0.35236107015445783,0.5754409347942812,0.4552647056075321,-0.4489960807617549,0.26241790345806004,0.37060856796572716,0.2886396070471252,-0.2326465829973471,0.1821086586536017
4.641588833612772e-13,1e-13,4.0,3.333333333333333,0.8275469089723255,0.652992528335534,-0.07160568254337428,0.35246546693367575,0.5813300532118031,0.4598908821774933,-0.43838003209735865,0.26511140479565976,0.37975807281353896,0.29562996985539025,-0.21113162089728724,0.18665877292704958
4.641588833612772e-13,1e-13,4.0,4.0,0.8277354558865365,0.6531393923939682,-0.07125902579027803,0.3525457735274956,0.585636796115806,0.46326568031304205,-0.43112765169322115,0.26708069706198356,0.3859506339382299,0.30036832183558493,-0.19650800008212177,0.1897372570760255
2.1544346900318868e-12,1e-15,2.0,2.0,0.817136936146594,0.6445641344441452,-0.05745183220269927,0.3480286991466285,0.46195064883242515,0.3642152575093519,-0.24278595085097293,0.21069221092220347,0.2582311875439575,0.20064426049016823,0.007519672972328944,0.12711914661603818
2.1544346900318868e-12,1e-15,2.0,2.6666666666666665,0.8171698594952203,0.6445879762253441,-0.057885311691202784,0.34804292966825356,0.4671564285737837,0.36844541935463054,-0.25094727039120834,0.2130771725710373,0.2791095249446124,0.21689171485941153,-0.006506288848204171,0.13739064322705852
2.1544346900318868e-12,1e-15,2.0,3.333333333333333,0.8172332231080625,0.6446368031201535,-0.05814348643156542,0.3480700501707972,0.47138399117943036,0.3718440782423426,-0.25579295639626276,0.21501135233295965,0.2926938321370987,0.22742428061632522,-0.014779822348281577,0.14407342722122574
2.1544346900318868e-12,1e-15,2.0,4.0,0.8172995355410213,0.6446883668124218,-0.058318905369501434,0.34809838802706927,0.47479206981078104,0.3745718093789758,-0.25907718554118253,0.21656966722922777,0.30233884467007827,0.23489136084727422,-0.020362328740528828,0.14881815863968395
2.1544346900318868e-12,1e-15,2.6666666666666665,2.0,0.8205934049300764,0.6473369177878748,-0.05860036038335538,0.34950163315832217,0.49301816804189874,0.3889797495183857,-0.2558547436417918,0.2248783296037089,0.2766128243968437,0.21504066350359238,-0.0011964762221524173,0.1361661459816791
2.1544346900318868e-12,1e-15,2.6666666666666665,2.6666666666666665,0.8207553025349487,0.647463106594826,-0.059032228160319715,0.34957079411904424,0.5005380749182374,0.39499572135763483,-0.26394604612901035,0.22831756908498824,0.29881829727735065,0.23228046962246623,-0.01511478519116107,0.14709021465584948
2.1544346900318868e-12,1e-15,2.6666666666666665,3.333333333333333,0.8209091328537573,0.6475834706317827,-0.0592883472836144,0.3496364427233667,0.5062584616267423,0.3995564085889828,-0.26872910344539946,0.23093175687441192,0.3130860070342125,0.24331990520744384,-0.023299098069899868,0.15410893559961902
2.1544346900318868e-12,1e-15,2.6666666666666665,4.0,0.8210427517699755,0.6476881095413272,-0.059461802441275045,0.3496934440441857,0.5107108608088975,0.40309247755315736,-0.27196030397520543,0.23296571461749993,0.32312617575610253,0.2510739144937366,-0.028808761635518657,0.15904785488209516
2.1544346900318868e-12,1e-15,3.333333333333333,2.0,0.8228152693701428,0.649121046713166,-0.05926865955629458,0.3504483668422199,0.5132457122247323,0.40505372436372983,-0.263479489263618,0.2341127423383198,0.2881268583198047,0.22402083296109973,-0.006314354916444447,0.14183325234255306
2.1544346900318868e-12,1e-15,3.333333333333333,2.6666666666666665,0.8230694789954319,0.6493199926637028,-0.05969771965378823,0.35055683976038443,0.5221844899497655,0.412167264734216,-0.2715003420863192,0.23819822994570006,0.3109826221200197,0.2417413008633302,-0.02014266351252268,0.15307705173448116
2.1544346900318868e-12,1e-15,3.333333333333333,3.333333333333333,0.8232857131951619,0.6494895343384599,-0.05995133181558144,0.3506490620962637,0.5287811352114603,0.41740572620403094,-0.27622675800765917,0.24121142743460322,0.32554155181483047,0.252989842772184,-0.028256489859899266,0.16023889022213178
2.1544346900318868e-12,1e-15,3.333333333333333,4.0,0.8234644783122955,0.6496297186454066,-0.06012267749601224,0.35072528733545094,0.5338244757874229,0.4213999312321875,-0.27941254383906766,0.2435144151726527,0.33572139958031494,0.2608372182622896,-0.033710494603511214,0.165246409779216
2.1544346900318868e-12,1e-15,4.0,2.0,0.8243901394646623,0.6503872345568787,-0.05971492094401928,0.35111937938362714,0.5275887775588344,0.41642933924023817,-0.2685845584621388,0.24065994879531716,0.2960945635060835,0.2302221818952631,-0.009755594642880948,0.14575498422142785
2.1544346900318868e-12,1e-15,4.0,2.6666666666666665,0.8247119477253072,0.650639386764337,-0.06014113434444279,0.35125663795358775,0.5374709980715591,0.4242771761353588,-0.27654400455465533,0.24517504677750868,0.31930481146500633,0.24819580324920937,-0.023510625144133563,0.15717306064814618
2.1544346900318868e-12,1e-15,4.0,3.333333333333333,0.8249725681844156,0.6508437259124746,-0.06039242214746236,0.3513677601023567,0.5446278662829537,0.4299408216611777,-0.2812233087422677,0.24844326462060828,0.33399239498294975,0.25953623516830787,-0.031568892186647546,0.16439810055188764
2.1544346900318868e-12,1e-15,4.0,4.0,0.8251827039774329,0.651008570455825,-0.060561895260125856,0.3514573423527144,0.5500360301155709,0.43421712202598056,-0.28437232740952273,0.25091227301646,0.3442116274397208,0.26741413077979814,-0.03697990690329179,0.16942492754973315
2.1544346900318868e-12,4.641588833612772e-15,2.0,2.0,0.8174290261642085,0.6448044019205788,-0.05845454713702469,0.3481534058448058,0.46498754635914535,0.366716502301801,-0.2562034282976031,0.21208749901852708,0.25952508769123395,0.20155825799959187,-0.006791945761722125,0.127749731943959
2.1544346900318868e-12,4.641588833612772e-15,2.0,2.6666666666666665,0.8174513129182808,0.6448197101767081,-0.05881998642744476,0.34816307913101097,0.47001750217531335,0.3707882656924236,-0.2631013136785993,0.2143901959019262,0.28039788794997816,0.21782769966760093,-0.01859965491231587,0.1380183859019316
2.1544346900318868e-12,4.641588833612772e-15,2.0,3.333333333333333,0.8175072911315756,0.6448626526514473,-0.05903788807934257,0.3481870379213359,0.47413468733305936,0.374090003155811,-0.26719640348318857,0.21627287175738052,0.29401300766430816,0.228405531434394,-0.025548763964906854,0.14471638401009856
2.1544346900318868e-12,4.641588833612772e-15,2.0,4.0,0.817568137960124,0.6449099312966219,-0.05918603200225098,0.3482130368846962,0.4774670414058901,0.3767590789492816,-0.26997092705841297,0.21779589338073424,0.303693988900672,0.23591228207765882,-0.030229007110624092,0.14947890354908122
2.1544346900318868e-12,4.641588833612772e-15,2.6666666666666665,2.0,0.8208348689429832,0.6475354605553939,-0.05942873710461501,0.3496046840156486,0.4957531453599711,0.39119921233752375,-0.2672464937717783,0.22613271342150587,0.2777453744194479,0.21581442719999475,-0.014186305972230018,0.13671764617592264
2.1544346900318868e-12,4.641588833612772e-15,2.6666666666666665,2.6666666666666665,0.8209831591556429,0.647650691269479,-0.059793535730206224,0.3496680256187453,0.5030390458848825,0.3970235326087161,-0.27408398853613325,0.2294634124816456,0.2998745245881404,0.23302263471519188,-0.02589315152638021,0.14760419409441095
2.1544346900318868e-12,4.641588833612772e-15,2.6666666666666665,3.333333333333333,0.821127750505897,0.6477636977897302,-0.060009920159204914,0.34972972517647805,0.5086150556502093,0.401470710123768,-0.2781217640295819,0.23201075777154478,0.3141319901114527,0.24407596365315853,-0.03275758150719187,0.15461802467815577
2.1544346900318868e-12,4.641588833612772e-15,2.6666666666666665,4.0,0.8212546283722418,0.6478629835449016,-0.060156442706687026,0.3497838459428426,0.5129693500861999,0.40492786722790625,-0.280846652741047,0.23399933592172206,0.32418093543955645,0.25184756553854076,-0.03736836104217568,0.15956142169189247
2.1544346900318868e-12,4.641588833612772e-15,3.333333333333333,2.0,0.8230247294010887,0.6492931623657185,-0.059991106361408794,0.3505377389812073,0.5157350821515736,0.40705986240092296,-0.2736507744161492,0.23525344418658867,0.28914691181377544,0.22470744691644612,-0.018506466833240753,0.1423296440274595
2.1544346900318868e-12,4.641588833612772e-15,3.333333333333333,2.6666666666666665,0.8232634769754318,0.6494797747175586,-0.06035353949886805,0.3506396048814838,0.5244064528564067,0.4139599853110076,-0.28042243001339784,0.23921533934139527,0.31188467539871884,0.24236197943820675,-0.030127392037524764,0.15351551195438295
2.1544346900318868e-12,4.641588833612772e-15,3.333333333333333,3.333333333333333,0.8234693724738614,0.6496410404576182,-0.06056764031762983,0.3507274113036173,0.5308401159055509,0.4190729606769508,-0.2844059434113153,0.24215332765926423,0.3264094676965869,0.2536033993717885,-0.03692411518099948,0.16066076590641376
2.1544346900318868e-12,4.641588833612772e-15,3.333333333333333,4.0,0.8236406734443443,0.6497752872641225,-0.060712183953342685,0.3508004491339902,0.5357736097657025,0.42298016124534377,-0.28708685312624727,0.24440566648710915,0.3365824447511874,0.26146251848545204,-0.041481320988919906,0.16566510845812
2.1544346900318868e-12,4.641588833612772e-15,4.0,2.0,0.8245772674866488,0.6505408992679781,-0.060364240688885656,0.3511992110711054,0.5298876261010838,0.41827808660299726,-0.2779181142467707,0.24171274338559845,0.2970339331735068,0.23083985503690174,-0.021400032240844993,0.1462118696487864
2.1544346900318868e-12,4.641588833612772e-15,4.0,2.6666666666666665,0.8248823965566792,0.6507796952396752,-0.06072405207249128,0.35132934593379306,0.5394812655324737,0.42589456740889114,-0.28463084235684666,0.24609472849184288,0.3200983245446171,0.24872939117957746,-0.03295037328507073,0.157558375973603
2.1544346900318868e-12,4.641588833612772e-15,4.0,3.333333333333333,0.8251319943156868,0.6509753085496395,-0.0609359288277631,0.3514357619883882,0.5464638753081191,0.4314215523932201,-0.288568421795619,0.24928268413000376,0.3347359386487833,0.2600514045710886,-0.03969339651966899,0.16475908517023452
2.1544346900318868e-12,4.641588833612772e-15,4.0,4.0,0.825334238958961,0.6511338632456222,-0.06107865114636783,0.3515219758003991,0.5517553690369923,0.43560928131322946,-0.29121322288243484,0.25169799649166125,0.3449380155640647,0.2679272780564885,-0.044209014871044276,0.1697777057729466
2.1544346900318868e-12,2.1544346900318866e-14,2.0,2.0,0.8184540037482912,0.6456542074858947,-0.06282747930062527,0.3485910754588868,0.47582825020406777,0.3757271326914546,-0.3159141673639691,0.21706008430835544,0.2719245302806652,0.21133969436966268,-0.07141916790863108,0.13380251348981198
2.1544346900318868e-12,2.1544346900318866e-14,2.0,2.6666666666666665,0.8184987519968134,0.6456880904743448,-0.06291425726822983,0.3486102266995422,0.48121031664165226,0.3800304440249311,-0.3174015433184239,0.21951656897317084,0.2922451631494405,0.2271859357652522,-0.07318333919813227,0.14380330036972777
2.1544346900318868e-12,2.1544346900318866e-14,2.0,3.333333333333333,0.8185666124482821,0.6457412099058506,-0.06296796904562921,0.3486391917729097,0.4854717266994103,0.3834302500795186,-0.3182912430135993,0.22146114401781813,0.30536559342703906,0.23738920862324406,-0.07416397804701336,0.15026065112663112
2.1544346900318868e-12,2.1544346900318866e-14,2.0,4.0,0.8186344249711688,0.6457944125898021,-0.06300520901526739,0.3486681196585646,0.4888635521725489,0.38613026643106946,-0.3188926544468812,0.2230087440837598,0.31463358525581014,0.24457891222504344,-0.0747911588110429,0.15482207735066833
2.1544346900318868e-12,2.1544346900318866e-14,2.6666666666666665,2.0,0.821628218181701,0.6481952136200455,-0.06306492959667699,0.34994337255674157,0.5052344952720961,0.3990048194573961,-0.31810007081022806,0.2304760213168302,0.28932994566595793,0.2249515312332181,-0.07278888934527562,0.1423733029876606
2.1544346900318868e-12,2.1544346900318866e-14,2.6666666666666665,2.6666666666666665,0.8217902480057956,0.6483213098377113,-0.06314931094163731,0.35001248465060486,0.5126416317062648,0.40489862141331884,-0.31950928100956294,0.23385596832728905,0.31061011289104884,0.24150282460419908,-0.07449548699936097,0.15284628787293653
2.1544346900318868e-12,2.1544346900318866e-14,2.6666666666666665,3.333333333333333,0.8219403361627502,0.648438830597778,-0.06320015374685363,0.35007647592779234,0.5182050702702973,0.4093127356807082,-0.3203283367541806,0.23639421894910495,0.3241948718369932,0.252030474154065,-0.07542022256792834,0.15953213823282553
2.1544346900318868e-12,2.1544346900318866e-14,2.6666666666666665,4.0,0.8220692330700671,0.6485398711722438,-0.06323469403077918,0.35013142264568164,0.5225038312087268,0.41271634887226677,-0.320869787910747,0.23835531272774257,0.3337096075472016,0.2593852522071504,-0.07599915655739042,0.164214996640895
2.1544346900318868e-12,2.1544346900318866e-14,3.333333333333333,2.0,0.8236779570527418,0.6498377149131557,-0.06317308501085854,0.35081657843487424,0.5242013321291729,0.4140024191728498,-0.31910611235538905,0.2391289737439728,0.30016279601999885,0.23338127737951594,-0.07344767899418744,0.1477079800768134
2.1544346900318868e-12,2.1544346900318866e-14,3.333333333333333,2.6666666666666665,0.8239244388684116,0.650030299881491,-0.06325324635481316,0.35092166287879156,0.532853540058931,0.420878620912145,-0.32043267770399947,0.24307664316863298,0.32188274813519097,0.2502485471810866,-0.0750936424363303,0.15839744898053465
2.1544346900318868e-12,2.1544346900318866e-14,3.333333333333333,3.333333333333333,0.8241315725732361,0.650192528252903,-0.06330046478584343,0.35100995130843826,0.5391818593990905,0.42589206588533746,-0.32118564999276844,0.24596361243754883,0.33563446155219384,0.2609003995547098,-0.07596782933359049,0.16516550553279685
2.1544346900318868e-12,2.1544346900318866e-14,3.333333333333333,4.0,0.8243016690871336,0.6503257666683622,-0.0633319996004395,0.3510824452626303,0.5439931966638113,0.42969396900570556,-0.3216742956469257,0.24815837246804917,0.3452055909080595,0.2682956748023034,-0.07650594525816083,0.16987615745869977
2.1544346900318868e-12,2.1544346900318866e-14,4.0,2.0,0.8251358760441032,0.6510071393868165,-0.06323004591355397,0.3514376475139992,0.5375959722019685,0.42458758395342083,-0.3196445380530247,0.24523970666511197,0.30763647155126234,0.2391912440791709,-0.07381954695540598,0.1513886282174539
2.1544346900318868e-12,2.1544346900318866e-14,4.0,2.6666666666666665,0.8254445587697868,0.6512487954995673,-0.06330592516634129,0.35156922499534626,0.5470771476963373,0.43210338575429,-0.3208976874592681,0.24956534713141965,0.32957266306114036,0.2562165358945411,-0.07541155017065833,0.1621845894303685
2.1544346900318868e-12,2.1544346900318866e-14,4.0,3.333333333333333,0.8256924912587611,0.6514429804032793,-0.06334975538511646,0.35167488966466875,0.5538939596034927,0.4375013844109925,-0.3215948605240652,0.2526750121403277,0.3433721184640425,0.26688543637303647,-0.07624347851930499,0.16897619951543974
2.1544346900318868e-12,2.1544346900318866e-14,4.0,4.0,0.8258913682105633,0.6515987625992606,-0.06337859623703203,0.35175964068718024,0.5590205496299626,0.4415524427336002,-0.3220401799322377,0.2550134741525417,0.3529289016984962,0.27424887482113547,-0.07674854938204602,0.1736798413835169
2.1544346900318868e-12,1e-13,2.0,2.0,0.8226814391423151,0.6491685033278682,-0.07925311280898753,0.35039318413758314,0.5318544456042112,0.42189244068491116,-0.5566050719855713,0.2423788367358275,0.34638338146605585,0.27123203140634505,-0.35786997276943294,0.16981106952502723
2.1544346900318868e-12,1e-13,2.0,2.6666666666666665,0.822802485875972,0.649264002681113,-0.0784288963523943,0.3504447511670026,0.5370409125627708,0.4258861669526572,-0.5375261127674208,0.24476980126184267,0.358260037911,0.27980311508596944,-0.31372914541747143,0.17578996380963074
2.1544346900318868e-12,1e-13,2.0,3.333333333333333,0.8229058735956938,0.6493455119550048,-0.0779385632461329,0.35048879162739666,0.5408497569193464,0.42884403850411285,-0.5260924721733525,0.2465213489843464,0.36591656426491903,0.2854419766003469,-0.28737627653206443,0.17963268386642472
2.1544346900318868e-12,1e-13,2.0,4.0,0.8229915138058875,0.6494128215411874,-0.07760527141289107,0.3505252709844803,0.5437488011038666,0.43110026858958234,-0.5182848952048545,0.24785307917640742,0.37125978945078786,0.2894271136841152,-0.26943907874802286,0.18231091175427871
2.1544346900318868e-12,1e-13,2.6666666666666665,2.0,0.8249136230864592,0.6509311888357564,-0.07727073795803958,0.35134393161845157,0.552413293514246,0.4376747519596641,-0.5286652207068676,0.25180479234342723,0.3569638971300006,0.27900737747890736,-0.33572828128621185,0.1751005774266683
2.1544346900318868e-12,1e-13,2.6666666666666665,2.6666666666666665,0.825122263765685,0.6510949993456977,-0.07635279252127676,0.3514328033046089,0.5589683550858896,0.4427812943931629,-0.5083975850579926,0.25481838179088356,0.3693397634280333,0.2880835620650691,-0.2914198278727998,0.18131802260627605
2.1544346900318868e-12,1e-13,2.6666666666666665,3.333333333333333,0.825285858538978,0.651223124643997,-0.07580513395032044,0.35150248540399953,0.5636307573625017,0.446425027943055,-0.49624275970501625,0.256958312039374,0.37716646992836117,0.29392414096787745,-0.26500272919586343,0.18524014394077004
2.1544346900318868e-12,1e-13,2.6666666666666665,4.0,0.8254154605223024,0.6513243096072505,-0.07543209346794652,0.3515576878654705,0.567107424311948,0.449140344746541,-0.48793868116204103,0.2585528924807067,0.38254920886033306,0.2979754183662463,-0.24703830532636287,0.18793481493807307
2.1544346900318868e-12,1e-13,3.333333333333333,2.0,0.8263971341201841,0.652104791839637,-0.07590931944428841,0.3519757931296629,0.5657279954230959,0.44793700732302744,-0.5103500175290732,0.2579070601263539,0.3635991886719532,0.2839065136097218,-0.32151964878423245,0.17841665546536079
2.1544346900318868e-12,1e-13,3.333333333333333,2.6666666666666665,0.8266700957528706,0.6523184921831998,-0.07492768953236616,0.3520920579526421,0.5731336405503769,0.45372052175582167,-0.4893173553276875,0.2613075189946793,0.3761614481072426,0.29318259439070693,-0.27710897926734473,0.18472129649578028
2.1544346900318868e-12,1e-13,3.333333333333333,3.333333333333333,0.8268762197319821,0.6524793646442313,-0.07434102461612332,0.35217985277447283,0.5782971778307568,0.45776145362244786,-0.4766998394085,0.2636754053467756,0.3839929220831842,0.2990746827826804,-0.25065543168172677,0.18864299560642994
2.1544346900318868e-12,1e-13,3.333333333333333,4.0,0.8270359377521329,0.6526036295628619,-0.07394096423312778,0.3522478813900224,0.5820958111583379,0.4607355489357871,-0.4680785429431606,0.2654164390325694,0.38931868301812816,0.30309915715226005,-0.23267768359698013,0.1913077079510117
2.1544346900318868e-12,1e-13,4.0,2.0,0.8274736268126086,0.6529578876997608,-0.07489723742925891,0.3524342924512188,0.5751755211024308,0.4552371143199959,-0.4971243207739326,0.2622361374932237,0.3681887512796309,0.2873015556967633,-0.3114010693241997,0.18071044842047557
2.1544346900318868e-12,1e-13,4.0,2.6666666666666665,0.8277947876136887,0.6532089513062547,-0.0738685735573669,0.3525710842419342,0.5831486635946694,0.46147630386402294,-0.4755464319673098,0.2658946311909196,0.38080499547907254,0.2966788316620277,-0.26691968477204636,0.18703843223977423
2.1544346900318868e-12,1e-13,4.0,3.333333333333333,0.828031751502061,0.6533936343474663,-0.07325316030302638,0.3526720132427502,0.5886280511514845,0.4657724888909795,-0.4626008411718709,0.2684061264185761,0.3885802383712075,0.3025533567604194,-0.2404426093285573,0.19093048361265175
2.1544346900318868e-12,1e-13,4.0,4.0,0.8282127155702587,0.6535342338103753,-0.07283324392778655,0.35274909017038447,0.5926183676233904,0.4688913032622029,-0.45375573576244677,0.2702342929383931,0.3938194907247713,0.3065088318546529,-0.2224576088582723,0.19355124818887937
1e-11,1e-15,2.0,2.0,0.8171360977002963,0.6445635912956227,-0.057455748534071066,0.3480283405513147,0.4619193973350205,0.36418818167195627,-0.2428198476210494,0.210677899549638,0.2581853495133313,0.20060567480784555,0.007499691382280352,0.12709659975558363
1e-11,1e-15,2.0,2.6666666666666665,0.8171688258787825,0.6445872808294999,-0.05788918625159723,0.34804248794112946,0.46711974405152323,0.36841339291561637,-0.2509808143962669,0.21306038733261612,0.2790599091220415,0.2168504891480957,-0.006525737744639989,0.13736624130731934
1e-11,1e-15,2.0,3.333333333333333,0.8172320527246866,0.6446360004389247,-0.058147333657835885,0.3480695501921681,0.47134386273825696,0.3718090490992118,-0.25582628757753295,0.21499299930863391,0.29264267378862907,0.22738206447942655,-0.014798931127901257,0.14404826877564791
1e-11,1e-15,2.0,4.0,0.8172982631694194,0.6446874863982485,-0.05832273296445937,0.34809784461178406,0.47474955453618867,0.3745351689427245,-0.25911037083757604,0.2165502278553565,0.3022869886444213,0.23484870860192583,-0.02038119257958964,0.14879265862255242
1e-11,1e-15,2.6666666666666665,2.0,0.82059236963296,0.6473361787414761,-0.05860323549113775,0.349501191066257,0.49298779386593994,0.3889536560132339,-0.25588093896939623,0.22486443272364998,0.27657076766104993,0.21500547367411693,-0.001212741939056533,0.13614546086388635
1e-11,1e-15,2.6666666666666665,2.6666666666666665,0.8207540481387999,0.6474621969616706,-0.05903506460215637,0.3495702587159124,0.5005027480029455,0.39496548760970657,-0.263971910950623,0.22830141802026793,0.2987736581626288,0.23224344920040038,-0.015130517397779578,0.14706826252642946
1e-11,1e-15,2.6666666666666665,3.333333333333333,0.8209077303840503,0.6475824465089809,-0.05929115858819264,0.34963584426202454,0.5062201222378522,0.3995230112437016,-0.2687547631216007,0.23091423522751853,0.31304055814801496,0.24328244313012598,-0.02331448206385985,0.15408658728191738
1e-11,1e-15,2.6666666666666665,4.0,0.8210412416818588,0.6476870026216263,-0.05946459576237436,0.34969279975489753,0.5106705004026713,0.4030575327217446,-0.27198581960372986,0.23294727376096913,0.32308053375718704,0.25103645735998426,-0.02882389122465477,0.15902541305103135
1e-11,1e-15,3.333333333333333,2.0,0.8228142145644262,0.6491202791296484,-0.059270939976299716,0.35044791665631114,0.5132177294231991,0.4050297061353039,-0.2635010298134227,0.23409994510598742,0.2880881693543892,0.223988427309356,-0.006328290454633399,0.14181422470803207
1e-11,1e-15,3.333333333333333,2.6666666666666665,0.8230682006211888,0.6493190477829316,-0.05969996419688888,0.35055629436653835,0.5221520324295549,0.41213959048805415,-0.2715215559943114,0.2381833967092134,0.3109421199505203,0.24170778587291716,-0.020156056222369635,0.1530571352668767
1e-11,1e-15,3.333333333333333,3.333333333333333,0.8232842875853661,0.649488468133053,-0.0599535530841376,0.3506484540056438,0.5287460462763343,0.4173756226833256,-0.27624776418745656,0.24119539748461238,0.3255007099293855,0.2529562812346236,-0.028269523328162623,0.1602188085841204
1e-11,1e-15,3.333333333333333,4.0,0.8234629477584677,0.6496285716818115,-0.06012488213013771,0.3507246345591176,0.5337876704443287,0.4213683266464532,-0.27943340153426455,0.24349760496434636,0.33568068639311516,0.2608040294179448,-0.03372326359884601,0.16522639273949902
1e-11,1e-15,4.0,2.0,0.8243891270929913,0.6503864828377259,-0.05971680834171796,0.35111894741861416,0.5275633080391294,0.41640712786936795,-0.26860290563869665,0.24064830392504732,0.29605867955372567,0.23019215127304282,-0.009767887503639598,0.14573733686266777
1e-11,1e-15,4.0,2.6666666666666665,0.8247107147423677,0.6506384631713946,-0.06014298812360507,0.3512561120438257,0.5374414643195498,0.4242521562283261,-0.2765620228080078,0.24516155307331755,0.31926766146452035,0.24816509006876245,-0.023522364567199902,0.15715479338360894
1e-11,1e-15,4.0,3.333333333333333,0.8249711929748375,0.6508426877528669,-0.06039425411843867,0.3513671736314363,0.5445960131914493,0.4299136914024617,-0.28124111406954144,0.24842871646060338,0.33395523762729185,0.2595057891557836,-0.03158026221783592,0.1643798313993261
1e-11,1e-15,4.0,4.0,0.8251812290712046,0.6510074554566893,-0.06056371164083179,0.35145671343247575,0.5500027035131665,0.4341885182400711,-0.28438997874094274,0.250897055294953,0.3441748246389931,0.26738405580410096,-0.036991003947952926,0.16940683391746592
1e-11,4.641588833612772e-15,2.0,2.0,0.8174299038523372,0.6448052509213227,-0.05846030524077317,0.34815377902614086,0.46497274164714225,0.3667018559493438,-0.25625849521172833,0.2120807102693466,0.2594815073020338,0.20152045937122878,-0.006835246189916217,0.127728290814638
1e-11,4.641588833612772e-15,2.0,2.6666666666666665,0.8174519685993994,0.6448203819284036,-0.05882556114032853,0.34816335768760687,0.46999668797344085,0.3707683370500031,-0.263153540433609,0.21438066687182855,0.2803505321087084,0.21778745529219146,-0.018638255938813204,0.1379950915953072
1e-11,4.641588833612772e-15,2.0,3.333333333333333,0.817507794225976,0.6448632054389974,-0.05904335131685955,0.3481872514511921,0.47411011546174026,0.3740670161327326,-0.2672469408452828,0.21626162996521914,0.2939642465916193,0.22836442904937626,-0.025584530647116483,0.14469240139663486
1e-11,4.641588833612772e-15,2.0,4.0,0.8175685286484028,0.6449103961694276,-0.05919141867455903,0.3482132025153699,0.477439890818777,0.37673397875440473,-0.27002031900900175,0.2177834765358706,0.30364468441448594,0.23587078376928738,-0.030262828184843615,0.14945465580649941
1e-11,4.641588833612772e-15,2.6666666666666665,2.0,0.8208351557329586,0.6475358017713805,-0.0594331319570973,0.34960480557281204,0.4957350391003754,0.3911825589329901,-0.26729054898054616,0.22612442666600374,0.27770334113423756,0.21577842460387117,-0.014223893223321262,0.13669696682882393
1e-11,4.641588833612772e-15,2.6666666666666665,2.6666666666666665,0.8209831881199858,0.6476508279097057,-0.05979775773442805,0.3496680373157065,0.5030152790024609,0.39700159927994033,-0.2741253167216605,0.2294525456782801,0.2998299754529169,0.23298503481948496,-0.02592609565854865,0.1475822813743347
1e-11,4.641588833612772e-15,2.6666666666666665,3.333333333333333,0.8211276087562087,0.6477637024073056,-0.060014037608568695,0.3497296641402552,0.5085879089789821,0.40144579831529925,-0.27816146624717747,0.23199835128910817,0.3140868364743907,0.2440381001114035,-0.032787717593816115,0.15459581753283003
1e-11,4.641588833612772e-15,2.6666666666666665,4.0,0.8212543642026637,0.6478628937697564,-0.060160488567244506,0.34978373275305974,0.5129399672740534,0.4049016217234904,-0.28088524974194484,0.23398591114359613,0.32413580187451574,0.251809991495812,-0.03739656586662743,0.15953922652837815
1e-11,4.641588833612772e-15,3.333333333333333,2.0,0.8230247426120226,0.6492932653268633,-0.05999471243266966,0.35053774408233085,0.5157167320521129,0.40704327762994763,-0.2736882953671352,0.23524505162624776,0.2891069386971628,0.22467336483226616,-0.018540566450223835,0.14230997840888204
1e-11,4.641588833612772e-15,3.333333333333333,2.6666666666666665,0.8232632210554931,0.6494796684416431,-0.06035698023384017,0.3506394953202284,0.5243828743898673,0.4139390217387216,-0.2804572847621565,0.2392045643774181,0.3118430210285742,0.2423269759639863,-0.030156878911998065,0.1534950234343757
1e-11,4.641588833612772e-15,3.333333333333333,3.333333333333333,0.8234689431580402,0.6496407913475699,-0.06057098126414321,0.3507272278756218,0.5308135318204467,0.4190490024994693,-0.284439203591015,0.24214118395567397,0.32636773735957963,0.2535687844769697,-0.0369508070181766,0.1606402428096404
1e-11,4.641588833612772e-15,3.333333333333333,4.0,0.8236401223584946,0.6497749440916245,-0.060715456654300774,0.3508002138354761,0.5357450997554886,0.42295481635119014,-0.2871190265429376,0.24439264614465173,0.3365411043963505,0.26142861793779143,-0.04150608820434804,0.16564477915585196
1e-11,4.641588833612772e-15,4.0,2.0,0.824577144734666,0.6505408790191368,-0.06036731947336857,0.35119915832196347,0.5298699731331152,0.4182611710374078,-0.2779511948869502,0.24170467262981243,0.2969959048280915,0.23080738446774532,-0.021431712516538925,0.14619316079886746
1e-11,4.641588833612772e-15,4.0,2.6666666666666665,0.8248820036589823,0.6507794647084165,-0.06072697095010946,0.3513291780985227,0.5394587826198705,0.4258746317541855,-0.28466129273239593,0.24608445725139372,0.32005921943227983,0.24869679832051364,-0.032977459045215436,0.15753914142858338
1e-11,4.641588833612772e-15,4.0,3.333333333333333,0.8251314312957367,0.6509749428107634,-0.06093875127632649,0.35143552168616077,0.5464387079707321,0.43139915372377396,-0.2885972946271424,0.24927119072415038,0.3346971380271467,0.2600192385273071,-0.03971769457578025,0.1647400030341689
1e-11,4.641588833612772e-15,4.0,4.0,0.8253335586199831,0.6511334043365419,-0.06108140766434627,0.3515216855272354,0.5517285328436067,0.43558548073356484,-0.29124101811281916,0.25168574371695984,0.34489986939174777,0.26789573716230336,-0.04423139196524788,0.16975894737391561
1e-11,2.1544346900318866e-14,2.0,2.0,0.818471658949554,0.6456686729711996,-0.06287014965483988,0.3485986046957573,0.4760213901798788,0.37587803943092746,-0.31649638043234307,0.21714828216269777,0.27206607135501215,0.2114442829185908,-0.07206072333966987,0.13387161613174337
1e-11,2.1544346900318866e-14,2.0,2.6666666666666665,0.8185163225884047,0.6457024957418905,-0.06295415146984261,0.3486177190802078,0.48139520627890287,0.38017331210663685,-0.3179301349760542,0.2196009631794864,0.29236386080622045,0.22727307034078767,-0.07372346562297749,0.1438612402150572
1e-11,2.1544346900318866e-14,2.0,3.333333333333333,0.8185840718608322,0.6457555250039565,-0.06300622527886772,0.34864663629243975,0.48565030262511893,0.3835684878723077,-0.3187880916257233,0.22154263588104695,0.30547034462809985,0.23746532173966894,-0.0746438429105263,0.15031177663549866
1e-11,2.1544346900318866e-14,2.0,4.0,0.8186517764943703,0.645808643250334,-0.0630423595413179,0.3486755178723827,0.4890371958628636,0.3862642687853012,-0.319368012723065,0.22308797184089657,0.31472877359738327,0.2446483390036963,-0.07523011825657323,0.15486853112098886
1e-11,2.1544346900318866e-14,2.6666666666666665,2.0,0.8216420324422088,0.6482065522665051,-0.06310055942444104,0.349949263075349,0.5053930974993441,0.39912854239639095,-0.3185962045769619,0.23054842294680178,0.289454607682808,0.22504326316100323,-0.07337062130987697,0.14243415183863806
1e-11,2.1544346900318866e-14,2.6666666666666665,2.6666666666666665,0.8218037832151717,0.6483324274866005,-0.06318215461696884,0.35001825554296706,0.5127892892170248,0.40501317066665243,-0.31995170920506844,0.23392334197678977,0.3107110766865661,0.24157664456545788,-0.0749765171037023,0.152895552970449
1e-11,2.1544346900318866e-14,2.6666666666666665,3.333333333333333,0.8219536308007277,0.6484497527094942,-0.06323135384341709,0.35008214388608094,0.5183448322766135,0.40942008642511196,-0.32073895887624093,0.23645797224268905,0.3242814709306275,0.25209351485201625,-0.07584146077261014,0.15957438329061924
1e-11,2.1544346900318866e-14,2.6666666666666665,4.0,0.8220823264830224,0.6485506322359216,-0.06326478455519288,0.3501370045760698,0.5226376245004022,0.41281900801671634,-0.32125887007142234,0.23841633187717548,0.33378640136415705,0.2594409193953618,-0.07637983101339377,0.16425245087104623
1e-11,2.1544346900318866e-14,3.333333333333333,2.0,0.8236894294384927,0.6498471476814247,-0.06320434763106433,0.350821470062749,0.5243386661901505,0.4141088181299691,-0.3195497919581036,0.23919165336358095,0.30027802693694333,0.23346635425076015,-0.07399282318734567,0.1477642194177533
1e-11,2.1544346900318866e-14,3.333333333333333,2.6666666666666665,0.8239355117054803,0.6500394191254665,-0.06328171319908238,0.3509263836038574,0.5329785825246356,0.42097513646016954,-0.32082256656093344,0.2431336840167766,0.3219739915071577,0.2503154498740007,-0.07553855915764815,0.15844196197884464
1e-11,2.1544346900318866e-14,3.333333333333333,3.333333333333333,0.8241423283058507,0.6502013911120174,-0.06332728169108584,0.3510145365376769,0.5392982794250492,0.4259824551403883,-0.3215436699296632,0.24601670397621833,0.3357112378700954,0.2609568633105509,-0.07635326571073006,0.1652029481538856
1e-11,2.1544346900318866e-14,3.333333333333333,4.0,0.8243121704137175,0.6503344161565909,-0.06335770216690181,0.35108692184107715,0.5441032070595525,0.4297791453417166,-0.3220107269818328,0.24820853076461347,0.3452725258656301,0.26834447929282096,-0.07685104657801105,0.16990879157229832
1e-11,2.1544346900318866e-14,4.0,2.0,0.8251457669809471,0.6510152776439674,-0.06325825040831827,0.35144186469676675,0.5377189269024649,0.42468300056080144,-0.3200519665374937,0.24529581544002754,0.3077457345893061,0.23927182320493642,-0.07433936771863683,0.15144195244344838
1e-11,2.1544346900318866e-14,4.0,2.6666666666666665,0.8254539722230533,0.651256557139656,-0.06333132440950792,0.3515732381204001,0.5471870637205664,0.43218790831680465,-0.32125124363445523,0.24961547912951865,0.32965785304484646,0.2562789793104651,-0.07583148231834891,0.16222614505424748
1e-11,2.1544346900318866e-14,4.0,3.333333333333333,0.825701540306165,0.6514504435300474,-0.06337349818945866,0.3516787471764339,0.5539948884024641,0.4375784967377725,-0.32191648924449734,0.25272103043813177,0.3434428451453644,0.26693709576221625,-0.07660415550781494,0.1690106865884734
1e-11,2.1544346900318866e-14,4.0,4.0,0.8259001312370735,0.6516059973435754,-0.06340121978792204,0.35176337610537156,0.5591148703793986,0.4416242285981127,-0.322340175638544,0.25505647021652356,0.3529898157300824,0.274293407499678,-0.07706905758779517,0.17370953408879608
1e-11,1e-13,2.0,2.0,0.8228983131863488,0.6493474014199409,-0.0798929233042314,0.3504855398727087,0.5350732571976559,0.42449599906715063,-0.5666847160081568,0.24382455488686583,0.3504766364274091,0.27454933354538935,-0.37094789150421403,0.17177926460780402
1e-11,1e-13,2.0,2.6666666666666665,0.8230203422954996,0.6494436381862533,-0.07903855844825908,0.35053752891946044,0.5401591116724204,0.4284058043308862,-0.5468057455301614,0.24617239969480653,0.36176046715822796,0.2826091374748622,-0.32468546101303136,0.1774777084313538
1e-11,1e-13,2.0,3.333333333333333,0.8231236748477819,0.6495250391078737,-0.07852966430431951,0.3505815477595088,0.5438905351698092,0.4312989676162213,-0.5348816756817625,0.24789023715615865,0.3690517452156388,0.2879428329285191,-0.2970564477801214,0.18114681685542988
1e-11,1e-13,2.0,4.0,0.8232089190578084,0.6495919716463231,-0.07818352332715463,0.35061785961565317,0.5467282130806095,0.43350306770536684,-0.5267354312050849,0.2491950466817323,0.37414162149685226,0.29170910580359666,-0.27824869154500753,0.18370426944060547
1e-11,1e-13,2.6666666666666665,2.0,0.8250870115216994,0.6510744669075839,-0.07784667834255603,0.3514177747788366,0.5551096567593901,0.439860318435326,-0.5377104385598278,0.25301648550787936,0.36065478272352475,0.2819779356313621,-0.3478754395408413,0.17687636281472452
1e-11,1e-13,2.6666666666666665,2.6666666666666665,0.825295231294452,0.651237796766803,-0.07689179994950478,0.35150647015570535,0.5615385400763493,0.44486084350349736,-0.5165515491915739,0.2559752319202434,0.37243364916930904,0.2905471881818414,-0.3014177142411306,0.18281067615028446
1e-11,1e-13,2.6666666666666665,3.333333333333333,0.8254577583233866,0.6513649903100492,-0.07632159237167803,0.35157569894785634,0.5661069497847024,0.44842263437172664,-0.5038538007873511,0.25807383978519516,0.3798933111499562,0.29607761745906697,-0.2737137941708844,0.1865578941979521
1e-11,1e-13,2.6666666666666665,4.0,0.8255861929592618,0.6514651836820607,-0.07593302013448497,0.3516304050935112,0.5695104836952956,0.45107792453298323,-0.4951762795312917,0.25963608959831885,0.3850217563057427,0.299919381767032,-0.2548741462453661,0.18913103394567587
1e-11,1e-13,3.333333333333333,2.0,0.8265436347055777,0.6522259973224537,-0.07643848452085594,0.35203818932972253,0.5680990400748626,0.44984834615641217,-0.5186909910099267,0.2589729790318084,0.3670435897345839,0.286676749266227,-0.3330521059898581,0.18007461326142438
1e-11,1e-13,3.333333333333333,2.6666666666666665,0.8268152281972754,0.652438496025267,-0.07541547653231344,0.35215387387424657,0.5753638731737719,0.4555174122828462,-0.4967113060156913,0.2623118448701177,0.37900850714063933,0.2954396536685679,-0.28647816520181996,0.18609552928853113
1e-11,1e-13,3.333333333333333,3.333333333333333,0.8270196196774782,0.6525979212188672,-0.07480366455672921,0.3522409319371387,0.580424134101636,0.45947603724311237,-0.4835191199852274,0.2646341186975387,0.3864730662874562,0.3010303440247546,-0.25873333105416896,0.1898421151470312
1e-11,1e-13,3.333333333333333,4.0,0.8271776727423484,0.6527207993546744,-0.07438633174192859,0.35230825208016525,0.5841431419832359,0.462381986837037,-0.47450351368041604,0.2663398179817885,0.3915447702631378,0.30484759973198294,-0.23987904214242103,0.19238521807376263
1e-11,1e-13,4.0,2.0,0.8276016296007449,0.6530638767867364,-0.0753903152774045,0.35248881341853366,0.5773215818784693,0.4569670797003993,-0.5049458086570335,0.2632012259618064,0.3714638443813971,0.2899259388637767,-0.32248839646631766,0.18228750222806578
1e-11,1e-13,4.0,2.6666666666666665,0.8279207600195408,0.6533132092439808,-0.07431707164018651,0.35262474243927333,0.585144565001187,0.4630841123731259,-0.4823825633066381,0.26679379194053854,0.3834834923198198,0.2987959812843202,-0.27583552086868146,0.18833181440998592
1e-11,1e-13,4.0,3.333333333333333,0.828155533406139,0.6534960435792906,-0.07367464816745069,0.35272473935000237,0.5905148172119932,0.46729151499425653,-0.46884066326951496,0.2692569516652513,0.3908924325044461,0.30437122319599597,-0.248065095492405,0.19204885247184889
1e-11,1e-13,4.0,4.0,0.8283344927555376,0.6536349503706615,-0.07323621507597407,0.3528009629187754,0.5944214452056968,0.47034429372486436,-0.45958711411945435,0.271047892439915,0.3958781319305507,0.3081201757816849,-0.22920339934230063,0.19454811274530415
