# Kurylyk, McKenzie, MacQuarrie & Voss (2014), Adv. Water Resour. 70, 172-184 - Table S1 (supplementary material, test_cases_mmc1.xlsx)
# X = depth to thawing front [m]. benchmark1 = Neumann (Run 15: Ts=5C, Ti=-5C, no flow); benchmark2/3 = Lunardini 1998 quasi-steady with advection (Ts=1C, Ti=0C, v=10 / 100 m/yr)
time_days,time_s,X_benchmark1_neumann_m,X_benchmark2_v10_m,X_benchmark3_v100_m
0.01,864.0,0.0084,0.0044,0.0044
0.02,1728.0,0.0118,0.0062,0.0062
0.03,2592.0,0.0145,0.0076,0.0076
0.04,3456.0,0.0168,0.0087,0.0088
0.05,4320.0,0.0187,0.0098,0.0099
0.06,5184.0,0.0205,0.0107,0.0108
0.07,6048.0,0.0222,0.0116,0.0117
0.08,6912.0,0.0237,0.0124,0.0125
0.09,7776.0,0.0251,0.0131,0.0133
0.10,8640.0,0.0265,0.0138,0.0140
0.11,9504.0,0.0278,0.0145,0.0147
0.12,10368.0,0.0290,0.0151,0.0154
0.13,11232.0,0.0302,0.0158,0.0160
0.14,12096.0,0.0313,0.0164,0.0167
0.15,12960.0,0.0324,0.0169,0.0172
0.16,13824.0,0.0335,0.0175,0.0178
0.17,14688.0,0.0345,0.0180,0.0184
0.18,15552.0,0.0355,0.0186,0.0189
0.19,16416.0,0.0365,0.0191,0.0195
0.20,17280.0,0.0375,0.0196,0.0200
0.21,18144.0,0.0384,0.0200,0.0205
0.22,19008.0,0.0393,0.0205,0.0210
0.23,19872.0,0.0402,0.0210,0.0215
0.24,20736.0,0.0410,0.0214,0.0219
0.25,21600.0,0.0419,0.0219,0.0224
0.26,22464.0,0.0427,0.0223,0.0229
0.27,23328.0,0.0435,0.0227,0.0233
0.28,24192.0,0.0443,0.0231,0.0237
0.29,25056.0,0.0451,0.0236,0.0242
0.30,25920.0,0.0459,0.0240,0.0246
0.31,26784.0,0.0466,0.0244,0.0250
0.32,27648.0,0.0474,0.0248,0.0254
0.33,28512.0,0.0481,0.0251,0.0258
0.34,29376.0,0.0488,0.0255,0.0262
0.35,30240.0,0.0496,0.0259,0.0266
0.36,31104.0,0.0503,0.0263,0.0270
0.37,31968.0,0.0509,0.0266,0.0274
0.38,32832.0,0.0516,0.0270,0.0278
0.39,33696.0,0.0523,0.0273,0.0282
0.40,34560.0,0.0530,0.0277,0.0285
0.41,35424.0,0.0536,0.0280,0.0289
0.42,36288.0,0.0543,0.0284,0.0293
0.43,37152.0,0.0549,0.0287,0.0296
0.44,38016.0,0.0556,0.0290,0.0300
0.45,38880.0,0.0562,0.0294,0.0303
0.46,39744.0,0.0568,0.0297,0.0307
0.47,40608.0,0.0574,0.0300,0.0310
0.48,41472.0,0.0580,0.0303,0.0314
0.49,42336.0,0.0586,0.0306,0.0317
0.50,43200.0,0.0592,0.0310,0.0320
0.51,44064.0,0.0598,0.0313,0.0324
0.52,44928.0,0.0604,0.0316,0.0327
0.53,45792.0,0.0610,0.0319,0.0330
0.54,46656.0,0.0615,0.0322,0.0333
0.55,47520.0,0.0621,0.0325,0.0337
0.56,48384.0,0.0627,0.0328,0.0340
0.57,49248.0,0.0632,0.0331,0.0343
0.58,50112.0,0.0638,0.0334,0.0346
0.59,50976.0,0.0643,0.0336,0.0349
0.60,51840.0,0.0649,0.0339,0.0352
0.61,52704.0,0.0654,0.0342,0.0355
0.62,53568.0,0.0660,0.0345,0.0358
0.63,54432.0,0.0665,0.0348,0.0361
0.64,55296.0,0.0670,0.0350,0.0364
0.65,56160.0,0.0675,0.0353,0.0367
0.66,57024.0,0.0680,0.0356,0.0370
0.67,57888.0,0.0686,0.0359,0.0373
0.68,58752.0,0.0691,0.0361,0.0376
0.69,59616.0,0.0696,0.0364,0.0379
0.70,60480.0,0.0701,0.0367,0.0382
0.71,61344.0,0.0706,0.0369,0.0385
0.72,62208.0,0.0711,0.0372,0.0387
0.73,63072.0,0.0716,0.0374,0.0390
0.74,63936.0,0.0721,0.0377,0.0393
0.75,64800.0,0.0725,0.0379,0.0396
0.76,65664.0,0.0730,0.0382,0.0398
0.77,66528.0,0.0735,0.0385,0.0401
0.78,67392.0,0.0740,0.0387,0.0404
0.79,68256.0,0.0744,0.0390,0.0407
0.80,69120.0,0.0749,0.0392,0.0409
0.81,69984.0,0.0754,0.0394,0.0412
0.82,70848.0,0.0758,0.0397,0.0415
0.83,71712.0,0.0763,0.0399,0.0417
0.84,72576.0,0.0768,0.0402,0.0420
0.85,73440.0,0.0772,0.0404,0.0423
0.86,74304.0,0.0777,0.0407,0.0425
0.87,75168.0,0.0781,0.0409,0.0428
0.88,76032.0,0.0786,0.0411,0.0430
0.89,76896.0,0.0790,0.0414,0.0433
0.90,77760.0,0.0795,0.0416,0.0435
0.91,78624.0,0.0799,0.0418,0.0438
0.92,79488.0,0.0803,0.0421,0.0441
0.93,80352.0,0.0808,0.0423,0.0443
0.94,81216.0,0.0812,0.0425,0.0446
0.95,82080.0,0.0816,0.0427,0.0448
0.96,82944.0,0.0821,0.0430,0.0451
0.97,83808.0,0.0825,0.0432,0.0453
0.98,84672.0,0.0829,0.0434,0.0455
0.99,85536.0,0.0833,0.0436,0.0458
1.00,86400.0,0.0838,0.0439,0.0460
1.01,87264.0,0.0842,0.0441,0.0463
1.02,88128.0,0.0846,0.0443,0.0465
1.03,88992.0,0.0850,0.0445,0.0468
1.04,89856.0,0.0854,0.0447,0.0470
1.05,90720.0,0.0858,0.0449,0.0472
1.06,91584.0,0.0862,0.0452,0.0475
1.07,92448.0,0.0866,0.0454,0.0477
1.08,93312.0,0.0870,0.0456,0.0479
1.09,94176.0,0.0874,0.0458,0.0482
1.10,95040.0,0.0878,0.0460,0.0484
1.11,95904.0,0.0882,0.0462,0.0486
1.12,96768.0,0.0886,0.0464,0.0489
1.13,97632.0,0.0890,0.0466,0.0491
1.14,98496.0,0.0894,0.0468,0.0493
1.15,99360.0,0.0898,0.0470,0.0496
1.16,100224.0,0.0902,0.0472,0.0498
1.17,101088.0,0.0906,0.0475,0.0500
1.18,101952.0,0.0910,0.0477,0.0502
1.19,102816.0,0.0914,0.0479,0.0505
1.20,103680.0,0.0918,0.0481,0.0507
1.21,104544.0,0.0921,0.0483,0.0509
1.22,105408.0,0.0925,0.0485,0.0511
1.23,106272.0,0.0929,0.0487,0.0514
1.24,107136.0,0.0933,0.0489,0.0516
1.25,108000.0,0.0936,0.0491,0.0518
1.26,108864.0,0.0940,0.0493,0.0520
1.27,109728.0,0.0944,0.0494,0.0522
1.28,110592.0,0.0948,0.0496,0.0525
1.29,111456.0,0.0951,0.0498,0.0527
1.30,112320.0,0.0955,0.0500,0.0529
1.31,113184.0,0.0959,0.0502,0.0531
1.32,114048.0,0.0962,0.0504,0.0533
1.33,114912.0,0.0966,0.0506,0.0535
1.34,115776.0,0.0970,0.0508,0.0538
1.35,116640.0,0.0973,0.0510,0.0540
1.36,117504.0,0.0977,0.0512,0.0542
1.37,118368.0,0.0980,0.0514,0.0544
1.38,119232.0,0.0984,0.0516,0.0546
1.39,120096.0,0.0987,0.0517,0.0548
1.40,120960.0,0.0991,0.0519,0.0550
1.41,121824.0,0.0995,0.0521,0.0552
1.42,122688.0,0.0998,0.0523,0.0554
1.43,123552.0,0.1002,0.0525,0.0556
1.44,124416.0,0.1005,0.0527,0.0559
1.45,125280.0,0.1009,0.0529,0.0561
1.46,126144.0,0.1012,0.0530,0.0563
1.47,127008.0,0.1016,0.0532,0.0565
1.48,127872.0,0.1019,0.0534,0.0567
1.49,128736.0,0.1022,0.0536,0.0569
1.50,129600.0,0.1026,0.0538,0.0571
1.51,130464.0,0.1029,0.0539,0.0573
1.52,131328.0,0.1033,0.0541,0.0575
1.53,132192.0,0.1036,0.0543,0.0577
1.54,133056.0,0.1039,0.0545,0.0579
1.55,133920.0,0.1043,0.0547,0.0581
1.56,134784.0,0.1046,0.0548,0.0583
1.57,135648.0,0.1049,0.0550,0.0585
1.58,136512.0,0.1053,0.0552,0.0587
1.59,137376.0,0.1056,0.0554,0.0589
1.60,138240.0,0.1059,0.0555,0.0591
1.61,139104.0,0.1063,0.0557,0.0593
1.62,139968.0,0.1066,0.0559,0.0595
1.63,140832.0,0.1069,0.0561,0.0597
1.64,141696.0,0.1073,0.0562,0.0599
1.65,142560.0,0.1076,0.0564,0.0601
1.66,143424.0,0.1079,0.0566,0.0603
1.67,144288.0,0.1082,0.0568,0.0605
1.68,145152.0,0.1086,0.0569,0.0607
1.69,146016.0,0.1089,0.0571,0.0608
1.70,146880.0,0.1092,0.0573,0.0610
1.71,147744.0,0.1095,0.0574,0.0612
1.72,148608.0,0.1098,0.0576,0.0614
1.73,149472.0,0.1102,0.0578,0.0616
1.74,150336.0,0.1105,0.0579,0.0618
1.75,151200.0,0.1108,0.0581,0.0620
1.76,152064.0,0.1111,0.0583,0.0622
1.77,152928.0,0.1114,0.0584,0.0624
1.78,153792.0,0.1117,0.0586,0.0626
1.79,154656.0,0.1121,0.0588,0.0628
1.80,155520.0,0.1124,0.0589,0.0629
1.81,156384.0,0.1127,0.0591,0.0631
1.82,157248.0,0.1130,0.0593,0.0633
1.83,158112.0,0.1133,0.0594,0.0635
1.84,158976.0,0.1136,0.0596,0.0637
1.85,159840.0,0.1139,0.0598,0.0639
1.86,160704.0,0.1142,0.0599,0.0641
1.87,161568.0,0.1145,0.0601,0.0643
1.88,162432.0,0.1148,0.0602,0.0644
1.89,163296.0,0.1151,0.0604,0.0646
1.90,164160.0,0.1155,0.0606,0.0648
1.91,165024.0,0.1158,0.0607,0.0650
1.92,165888.0,0.1161,0.0609,0.0652
1.93,166752.0,0.1164,0.0610,0.0654
1.94,167616.0,0.1167,0.0612,0.0655
1.95,168480.0,0.1170,0.0614,0.0657
1.96,169344.0,0.1173,0.0615,0.0659
1.97,170208.0,0.1176,0.0617,0.0661
1.98,171072.0,0.1179,0.0618,0.0663
1.99,171936.0,0.1182,0.0620,0.0664
2.00,172800.0,0.1185,0.0621,0.0666
2.01,173664.0,0.1187,0.0623,0.0668
2.02,174528.0,0.1190,0.0625,0.0670
2.03,175392.0,0.1193,0.0626,0.0672
2.04,176256.0,0.1196,0.0628,0.0673
2.05,177120.0,0.1199,0.0629,0.0675
2.06,177984.0,0.1202,0.0631,0.0677
2.07,178848.0,0.1205,0.0632,0.0679
2.08,179712.0,0.1208,0.0634,0.0680
2.09,180576.0,0.1211,0.0635,0.0682
2.10,181440.0,0.1214,0.0637,0.0684
2.11,182304.0,0.1217,0.0638,0.0686
2.12,183168.0,0.1220,0.0640,0.0688
2.13,184032.0,0.1222,0.0642,0.0689
2.14,184896.0,0.1225,0.0643,0.0691
2.15,185760.0,0.1228,0.0645,0.0693
2.16,186624.0,0.1231,0.0646,0.0695
2.17,187488.0,0.1234,0.0648,0.0696
2.18,188352.0,0.1237,0.0649,0.0698
2.19,189216.0,0.1239,0.0651,0.0700
2.20,190080.0,0.1242,0.0652,0.0701
2.21,190944.0,0.1245,0.0654,0.0703
2.22,191808.0,0.1248,0.0655,0.0705
2.23,192672.0,0.1251,0.0657,0.0707
2.24,193536.0,0.1254,0.0658,0.0708
2.25,194400.0,0.1256,0.0659,0.0710
2.26,195264.0,0.1259,0.0661,0.0712
2.27,196128.0,0.1262,0.0662,0.0713
2.28,196992.0,0.1265,0.0664,0.0715
2.29,197856.0,0.1267,0.0665,0.0717
2.30,198720.0,0.1270,0.0667,0.0719
2.31,199584.0,0.1273,0.0668,0.0720
2.32,200448.0,0.1276,0.0670,0.0722
2.33,201312.0,0.1279,0.0671,0.0724
2.34,202176.0,0.1281,0.0673,0.0725
2.35,203040.0,0.1284,0.0674,0.0727
2.36,203904.0,0.1287,0.0676,0.0729
2.37,204768.0,0.1289,0.0677,0.0730
2.38,205632.0,0.1292,0.0678,0.0732
2.39,206496.0,0.1295,0.0680,0.0734
2.40,207360.0,0.1298,0.0681,0.0735
2.41,208224.0,0.1300,0.0683,0.0737
2.42,209088.0,0.1303,0.0684,0.0739
2.43,209952.0,0.1306,0.0686,0.0740
2.44,210816.0,0.1308,0.0687,0.0742
2.45,211680.0,0.1311,0.0688,0.0744
2.46,212544.0,0.1314,0.0690,0.0745
2.47,213408.0,0.1316,0.0691,0.0747
2.48,214272.0,0.1319,0.0693,0.0749
2.49,215136.0,0.1322,0.0694,0.0750
2.50,216000.0,0.1324,0.0695,0.0752
2.51,216864.0,0.1327,0.0697,0.0754
2.52,217728.0,0.1330,0.0698,0.0755
2.53,218592.0,0.1332,0.0700,0.0757
2.54,219456.0,0.1335,0.0701,0.0758
2.55,220320.0,0.1338,0.0702,0.0760
2.56,221184.0,0.1340,0.0704,0.0762
2.57,222048.0,0.1343,0.0705,0.0763
2.58,222912.0,0.1345,0.0707,0.0765
2.59,223776.0,0.1348,0.0708,0.0767
2.60,224640.0,0.1351,0.0709,0.0768
2.61,225504.0,0.1353,0.0711,0.0770
2.62,226368.0,0.1356,0.0712,0.0771
2.63,227232.0,0.1358,0.0713,0.0773
2.64,228096.0,0.1361,0.0715,0.0775
2.65,228960.0,0.1363,0.0716,0.0776
2.66,229824.0,0.1366,0.0718,0.0778
2.67,230688.0,0.1369,0.0719,0.0779
2.68,231552.0,0.1371,0.0720,0.0781
2.69,232416.0,0.1374,0.0722,0.0783
2.70,233280.0,0.1376,0.0723,0.0784
2.71,234144.0,0.1379,0.0724,0.0786
2.72,235008.0,0.1381,0.0726,0.0787
2.73,235872.0,0.1384,0.0727,0.0789
2.74,236736.0,0.1386,0.0728,0.0791
2.75,237600.0,0.1389,0.0730,0.0792
2.76,238464.0,0.1391,0.0731,0.0794
2.77,239328.0,0.1394,0.0732,0.0795
2.78,240192.0,0.1397,0.0734,0.0797
2.79,241056.0,0.1399,0.0735,0.0798
2.80,241920.0,0.1402,0.0736,0.0800
2.81,242784.0,0.1404,0.0738,0.0802
2.82,243648.0,0.1407,0.0739,0.0803
2.83,244512.0,0.1409,0.0740,0.0805
2.84,245376.0,0.1412,0.0742,0.0806
2.85,246240.0,0.1414,0.0743,0.0808
2.86,247104.0,0.1416,0.0744,0.0809
2.87,247968.0,0.1419,0.0746,0.0811
2.88,248832.0,0.1421,0.0747,0.0812
2.89,249696.0,0.1424,0.0748,0.0814
2.90,250560.0,0.1426,0.0749,0.0815
2.91,251424.0,0.1429,0.0751,0.0817
2.92,252288.0,0.1431,0.0752,0.0819
2.93,253152.0,0.1434,0.0753,0.0820
2.94,254016.0,0.1436,0.0755,0.0822
2.95,254880.0,0.1439,0.0756,0.0823
2.96,255744.0,0.1441,0.0757,0.0825
2.97,256608.0,0.1443,0.0759,0.0826
2.98,257472.0,0.1446,0.0760,0.0828
2.99,258336.0,0.1448,0.0761,0.0829
3.00,259200.0,0.1451,0.0762,0.0831
3.01,260064.0,0.1453,0.0764,0.0832
3.02,260928.0,0.1456,0.0765,0.0834
3.03,261792.0,0.1458,0.0766,0.0835
3.04,262656.0,0.1460,0.0768,0.0837
3.05,263520.0,0.1463,0.0769,0.0838
3.06,264384.0,0.1465,0.0770,0.0840
3.07,265248.0,0.1468,0.0771,0.0841
3.08,266112.0,0.1470,0.0773,0.0843
3.09,266976.0,0.1472,0.0774,0.0844
3.10,267840.0,0.1475,0.0775,0.0846
3.11,268704.0,0.1477,0.0776,0.0847
3.12,269568.0,0.1479,0.0778,0.0849
3.13,270432.0,0.1482,0.0779,0.0850
3.14,271296.0,0.1484,0.0780,0.0852
3.15,272160.0,0.1487,0.0781,0.0853
3.16,273024.0,0.1489,0.0783,0.0855
3.17,273888.0,0.1491,0.0784,0.0856
3.18,274752.0,0.1494,0.0785,0.0858
3.19,275616.0,0.1496,0.0786,0.0859
3.20,276480.0,0.1498,0.0788,0.0861
3.21,277344.0,0.1501,0.0789,0.0862
3.22,278208.0,0.1503,0.0790,0.0864
3.23,279072.0,0.1505,0.0791,0.0865
3.24,279936.0,0.1508,0.0793,0.0867
3.25,280800.0,0.1510,0.0794,0.0868
3.26,281664.0,0.1512,0.0795,0.0870
3.27,282528.0,0.1515,0.0796,0.0871
3.28,283392.0,0.1517,0.0798,0.0873
3.29,284256.0,0.1519,0.0799,0.0874
3.30,285120.0,0.1522,0.0800,0.0876
3.31,285984.0,0.1524,0.0801,0.0877
3.32,286848.0,0.1526,0.0802,0.0879
3.33,287712.0,0.1528,0.0804,0.0880
3.34,288576.0,0.1531,0.0805,0.0881
3.35,289440.0,0.1533,0.0806,0.0883
3.36,290304.0,0.1535,0.0807,0.0884
3.37,291168.0,0.1538,0.0809,0.0886
3.38,292032.0,0.1540,0.0810,0.0887
3.39,292896.0,0.1542,0.0811,0.0889
3.40,293760.0,0.1544,0.0812,0.0890
3.41,294624.0,0.1547,0.0813,0.0892
3.42,295488.0,0.1549,0.0815,0.0893
3.43,296352.0,0.1551,0.0816,0.0894
3.44,297216.0,0.1553,0.0817,0.0896
3.45,298080.0,0.1556,0.0818,0.0897
3.46,298944.0,0.1558,0.0819,0.0899
3.47,299808.0,0.1560,0.0821,0.0900
3.48,300672.0,0.1562,0.0822,0.0902
3.49,301536.0,0.1565,0.0823,0.0903
3.50,302400.0,0.1567,0.0824,0.0905
3.51,303264.0,0.1569,0.0825,0.0906
3.52,304128.0,0.1571,0.0826,0.0907
3.53,304992.0,0.1574,0.0828,0.0909
3.54,305856.0,0.1576,0.0829,0.0910
3.55,306720.0,0.1578,0.0830,0.0912
3.56,307584.0,0.1580,0.0831,0.0913
3.57,308448.0,0.1583,0.0832,0.0915
3.58,309312.0,0.1585,0.0834,0.0916
3.59,310176.0,0.1587,0.0835,0.0917
3.60,311040.0,0.1589,0.0836,0.0919
3.61,311904.0,0.1591,0.0837,0.0920
3.62,312768.0,0.1594,0.0838,0.0922
3.63,313632.0,0.1596,0.0839,0.0923
3.64,314496.0,0.1598,0.0841,0.0924
3.65,315360.0,0.1600,0.0842,0.0926
3.66,316224.0,0.1602,0.0843,0.0927
3.67,317088.0,0.1605,0.0844,0.0929
3.68,317952.0,0.1607,0.0845,0.0930
3.69,318816.0,0.1609,0.0846,0.0931
3.70,319680.0,0.1611,0.0848,0.0933
3.71,320544.0,0.1613,0.0849,0.0934
3.72,321408.0,0.1615,0.0850,0.0936
3.73,322272.0,0.1618,0.0851,0.0937
3.74,323136.0,0.1620,0.0852,0.0938
3.75,324000.0,0.1622,0.0853,0.0940
3.76,324864.0,0.1624,0.0854,0.0941
3.77,325728.0,0.1626,0.0856,0.0943
3.78,326592.0,0.1628,0.0857,0.0944
3.79,327456.0,0.1631,0.0858,0.0945
3.80,328320.0,0.1633,0.0859,0.0947
3.81,329184.0,0.1635,0.0860,0.0948
3.82,330048.0,0.1637,0.0861,0.0950
3.83,330912.0,0.1639,0.0862,0.0951
3.84,331776.0,0.1641,0.0864,0.0952
3.85,332640.0,0.1643,0.0865,0.0954
3.86,333504.0,0.1646,0.0866,0.0955
3.87,334368.0,0.1648,0.0867,0.0956
3.88,335232.0,0.1650,0.0868,0.0958
3.89,336096.0,0.1652,0.0869,0.0959
3.90,336960.0,0.1654,0.0870,0.0961
3.91,337824.0,0.1656,0.0872,0.0962
3.92,338688.0,0.1658,0.0873,0.0963
3.93,339552.0,0.1660,0.0874,0.0965
3.94,340416.0,0.1663,0.0875,0.0966
3.95,341280.0,0.1665,0.0876,0.0967
3.96,342144.0,0.1667,0.0877,0.0969
3.97,343008.0,0.1669,0.0878,0.0970
3.98,343872.0,0.1671,0.0879,0.0972
3.99,344736.0,0.1673,0.0880,0.0973
4.00,345600.0,0.1675,0.0882,0.0974
4.01,346464.0,0.1677,0.0883,0.0976
4.02,347328.0,0.1679,0.0884,0.0977
4.03,348192.0,0.1681,0.0885,0.0978
4.04,349056.0,0.1684,0.0886,0.0980
4.05,349920.0,0.1686,0.0887,0.0981
4.06,350784.0,0.1688,0.0888,0.0982
4.07,351648.0,0.1690,0.0889,0.0984
4.08,352512.0,0.1692,0.0890,0.0985
4.09,353376.0,0.1694,0.0892,0.0986
4.10,354240.0,0.1696,0.0893,0.0988
4.11,355104.0,0.1698,0.0894,0.0989
4.12,355968.0,0.1700,0.0895,0.0990
4.13,356832.0,0.1702,0.0896,0.0992
4.14,357696.0,0.1704,0.0897,0.0993
4.15,358560.0,0.1706,0.0898,0.0995
4.16,359424.0,0.1708,0.0899,0.0996
4.17,360288.0,0.1710,0.0900,0.0997
4.18,361152.0,0.1712,0.0901,0.0999
4.19,362016.0,0.1714,0.0903,0.1000
4.20,362880.0,0.1717,0.0904,0.1001
4.21,363744.0,0.1719,0.0905,0.1003
4.22,364608.0,0.1721,0.0906,0.1004
4.23,365472.0,0.1723,0.0907,0.1005
4.24,366336.0,0.1725,0.0908,0.1007
4.25,367200.0,0.1727,0.0909,0.1008
4.26,368064.0,0.1729,0.0910,0.1009
4.27,368928.0,0.1731,0.0911,0.1011
4.28,369792.0,0.1733,0.0912,0.1012
4.29,370656.0,0.1735,0.0913,0.1013
4.30,371520.0,0.1737,0.0914,0.1014
4.31,372384.0,0.1739,0.0916,0.1016
4.32,373248.0,0.1741,0.0917,0.1017
4.33,374112.0,0.1743,0.0918,0.1018
4.34,374976.0,0.1745,0.0919,0.1020
4.35,375840.0,0.1747,0.0920,0.1021
4.36,376704.0,0.1749,0.0921,0.1022
4.37,377568.0,0.1751,0.0922,0.1024
4.38,378432.0,0.1753,0.0923,0.1025
4.39,379296.0,0.1755,0.0924,0.1026
4.40,380160.0,0.1757,0.0925,0.1028
4.41,381024.0,0.1759,0.0926,0.1029
4.42,381888.0,0.1761,0.0927,0.1030
4.43,382752.0,0.1763,0.0928,0.1032
4.44,383616.0,0.1765,0.0929,0.1033
4.45,384480.0,0.1767,0.0930,0.1034
4.46,385344.0,0.1769,0.0931,0.1035
4.47,386208.0,0.1771,0.0933,0.1037
4.48,387072.0,0.1773,0.0934,0.1038
4.49,387936.0,0.1775,0.0935,0.1039
4.50,388800.0,0.1777,0.0936,0.1041
4.51,389664.0,0.1779,0.0937,0.1042
4.52,390528.0,0.1781,0.0938,0.1043
4.53,391392.0,0.1783,0.0939,0.1045
4.54,392256.0,0.1785,0.0940,0.1046
4.55,393120.0,0.1787,0.0941,0.1047
4.56,393984.0,0.1789,0.0942,0.1048
4.57,394848.0,0.1791,0.0943,0.1050
4.58,395712.0,0.1792,0.0944,0.1051
4.59,396576.0,0.1794,0.0945,0.1052
4.60,397440.0,0.1796,0.0946,0.1054
4.61,398304.0,0.1798,0.0947,0.1055
4.62,399168.0,0.1800,0.0948,0.1056
4.63,400032.0,0.1802,0.0949,0.1057
4.64,400896.0,0.1804,0.0950,0.1059
4.65,401760.0,0.1806,0.0951,0.1060
4.66,402624.0,0.1808,0.0952,0.1061
4.67,403488.0,0.1810,0.0953,0.1063
4.68,404352.0,0.1812,0.0954,0.1064
4.69,405216.0,0.1814,0.0955,0.1065
4.70,406080.0,0.1816,0.0956,0.1066
4.71,406944.0,0.1818,0.0958,0.1068
4.72,407808.0,0.1820,0.0959,0.1069
4.73,408672.0,0.1822,0.0960,0.1070
4.74,409536.0,0.1824,0.0961,0.1072
4.75,410400.0,0.1825,0.0962,0.1073
4.76,411264.0,0.1827,0.0963,0.1074
4.77,412128.0,0.1829,0.0964,0.1075
4.78,412992.0,0.1831,0.0965,0.1077
4.79,413856.0,0.1833,0.0966,0.1078
4.80,414720.0,0.1835,0.0967,0.1079
4.81,415584.0,0.1837,0.0968,0.1080
4.82,416448.0,0.1839,0.0969,0.1082
4.83,417312.0,0.1841,0.0970,0.1083
4.84,418176.0,0.1843,0.0971,0.1084
4.85,419040.0,0.1845,0.0972,0.1086
4.86,419904.0,0.1846,0.0973,0.1087
4.87,420768.0,0.1848,0.0974,0.1088
4.88,421632.0,0.1850,0.0975,0.1089
4.89,422496.0,0.1852,0.0976,0.1091
4.90,423360.0,0.1854,0.0977,0.1092
4.91,424224.0,0.1856,0.0978,0.1093
4.92,425088.0,0.1858,0.0979,0.1094
4.93,425952.0,0.1860,0.0980,0.1096
4.94,426816.0,0.1862,0.0981,0.1097
4.95,427680.0,0.1863,0.0982,0.1098
4.96,428544.0,0.1865,0.0983,0.1099
4.97,429408.0,0.1867,0.0984,0.1101
4.98,430272.0,0.1869,0.0985,0.1102
4.99,431136.0,0.1871,0.0986,0.1103
5.00,432000.0,0.1873,0.0987,0.1104
5.01,432864.0,0.1875,0.0988,0.1106
5.02,433728.0,0.1877,0.0989,0.1107
5.03,434592.0,0.1878,0.0990,0.1108
5.04,435456.0,0.1880,0.0991,0.1109
5.05,436320.0,0.1882,0.0992,0.1111
5.06,437184.0,0.1884,0.0993,0.1112
5.07,438048.0,0.1886,0.0994,0.1113
5.08,438912.0,0.1888,0.0995,0.1114
5.09,439776.0,0.1890,0.0996,0.1116
5.10,440640.0,0.1892,0.0997,0.1117
5.11,441504.0,0.1893,0.0998,0.1118
5.12,442368.0,0.1895,0.0999,0.1119
5.13,443232.0,0.1897,0.1000,0.1121
5.14,444096.0,0.1899,0.1001,0.1122
5.15,444960.0,0.1901,0.1002,0.1123
5.16,445824.0,0.1903,0.1003,0.1124
5.17,446688.0,0.1904,0.1004,0.1125
5.18,447552.0,0.1906,0.1005,0.1127
5.19,448416.0,0.1908,0.1006,0.1128
5.20,449280.0,0.1910,0.1007,0.1129
5.21,450144.0,0.1912,0.1008,0.1130
5.22,451008.0,0.1914,0.1009,0.1132
5.23,451872.0,0.1915,0.1010,0.1133
5.24,452736.0,0.1917,0.1011,0.1134
5.25,453600.0,0.1919,0.1012,0.1135
5.26,454464.0,0.1921,0.1013,0.1137
5.27,455328.0,0.1923,0.1014,0.1138
5.28,456192.0,0.1925,0.1014,0.1139
5.29,457056.0,0.1926,0.1015,0.1140
5.30,457920.0,0.1928,0.1016,0.1141
5.31,458784.0,0.1930,0.1017,0.1143
5.32,459648.0,0.1932,0.1018,0.1144
5.33,460512.0,0.1934,0.1019,0.1145
5.34,461376.0,0.1936,0.1020,0.1146
5.35,462240.0,0.1937,0.1021,0.1148
5.36,463104.0,0.1939,0.1022,0.1149
5.37,463968.0,0.1941,0.1023,0.1150
5.38,464832.0,0.1943,0.1024,0.1151
5.39,465696.0,0.1945,0.1025,0.1152
5.40,466560.0,0.1946,0.1026,0.1154
5.41,467424.0,0.1948,0.1027,0.1155
5.42,468288.0,0.1950,0.1028,0.1156
5.43,469152.0,0.1952,0.1029,0.1157
5.44,470016.0,0.1954,0.1030,0.1159
5.45,470880.0,0.1955,0.1031,0.1160
5.46,471744.0,0.1957,0.1032,0.1161
5.47,472608.0,0.1959,0.1033,0.1162
5.48,473472.0,0.1961,0.1034,0.1163
5.49,474336.0,0.1963,0.1035,0.1165
5.50,475200.0,0.1964,0.1036,0.1166
5.51,476064.0,0.1966,0.1037,0.1167
5.52,476928.0,0.1968,0.1038,0.1168
5.53,477792.0,0.1970,0.1039,0.1169
5.54,478656.0,0.1971,0.1039,0.1171
5.55,479520.0,0.1973,0.1040,0.1172
5.56,480384.0,0.1975,0.1041,0.1173
5.57,481248.0,0.1977,0.1042,0.1174
5.58,482112.0,0.1979,0.1043,0.1175
5.59,482976.0,0.1980,0.1044,0.1177
5.60,483840.0,0.1982,0.1045,0.1178
5.61,484704.0,0.1984,0.1046,0.1179
5.62,485568.0,0.1986,0.1047,0.1180
5.63,486432.0,0.1987,0.1048,0.1181
5.64,487296.0,0.1989,0.1049,0.1183
5.65,488160.0,0.1991,0.1050,0.1184
5.66,489024.0,0.1993,0.1051,0.1185
5.67,489888.0,0.1994,0.1052,0.1186
5.68,490752.0,0.1996,0.1053,0.1187
5.69,491616.0,0.1998,0.1054,0.1189
5.70,492480.0,0.2000,0.1055,0.1190
5.71,493344.0,0.2001,0.1056,0.1191
5.72,494208.0,0.2003,0.1056,0.1192
5.73,495072.0,0.2005,0.1057,0.1193
5.74,495936.0,0.2007,0.1058,0.1194
5.75,496800.0,0.2008,0.1059,0.1196
5.76,497664.0,0.2010,0.1060,0.1197
5.77,498528.0,0.2012,0.1061,0.1198
5.78,499392.0,0.2014,0.1062,0.1199
5.79,500256.0,0.2015,0.1063,0.1200
5.80,501120.0,0.2017,0.1064,0.1202
5.81,501984.0,0.2019,0.1065,0.1203
5.82,502848.0,0.2021,0.1066,0.1204
5.83,503712.0,0.2022,0.1067,0.1205
5.84,504576.0,0.2024,0.1068,0.1206
5.85,505440.0,0.2026,0.1069,0.1208
5.86,506304.0,0.2028,0.1069,0.1209
5.87,507168.0,0.2029,0.1070,0.1210
5.88,508032.0,0.2031,0.1071,0.1211
5.89,508896.0,0.2033,0.1072,0.1212
5.90,509760.0,0.2034,0.1073,0.1213
5.91,510624.0,0.2036,0.1074,0.1215
5.92,511488.0,0.2038,0.1075,0.1216
5.93,512352.0,0.2040,0.1076,0.1217
5.94,513216.0,0.2041,0.1077,0.1218
5.95,514080.0,0.2043,0.1078,0.1219
5.96,514944.0,0.2045,0.1079,0.1220
5.97,515808.0,0.2046,0.1080,0.1222
5.98,516672.0,0.2048,0.1080,0.1223
5.99,517536.0,0.2050,0.1081,0.1224
6.00,518400.0,0.2052,0.1082,0.1225
6.01,519264.0,0.2053,0.1083,0.1226
6.02,520128.0,0.2055,0.1084,0.1227
6.03,520992.0,0.2057,0.1085,0.1229
6.04,521856.0,0.2058,0.1086,0.1230
6.05,522720.0,0.2060,0.1087,0.1231
6.06,523584.0,0.2062,0.1088,0.1232
6.07,524448.0,0.2064,0.1089,0.1233
6.08,525312.0,0.2065,0.1090,0.1234
6.09,526176.0,0.2067,0.1091,0.1236
6.10,527040.0,0.2069,0.1091,0.1237
6.11,527904.0,0.2070,0.1092,0.1238
6.12,528768.0,0.2072,0.1093,0.1239
6.13,529632.0,0.2074,0.1094,0.1240
6.14,530496.0,0.2075,0.1095,0.1241
6.15,531360.0,0.2077,0.1096,0.1243
6.16,532224.0,0.2079,0.1097,0.1244
6.17,533088.0,0.2080,0.1098,0.1245
6.18,533952.0,0.2082,0.1099,0.1246
6.19,534816.0,0.2084,0.1100,0.1247
6.20,535680.0,0.2086,0.1100,0.1248
6.21,536544.0,0.2087,0.1101,0.1250
6.22,537408.0,0.2089,0.1102,0.1251
6.23,538272.0,0.2091,0.1103,0.1252
6.24,539136.0,0.2092,0.1104,0.1253
6.25,540000.0,0.2094,0.1105,0.1254
6.26,540864.0,0.2096,0.1106,0.1255
6.27,541728.0,0.2097,0.1107,0.1256
6.28,542592.0,0.2099,0.1108,0.1258
6.29,543456.0,0.2101,0.1109,0.1259
6.30,544320.0,0.2102,0.1109,0.1260
6.31,545184.0,0.2104,0.1110,0.1261
6.32,546048.0,0.2106,0.1111,0.1262
6.33,546912.0,0.2107,0.1112,0.1263
6.34,547776.0,0.2109,0.1113,0.1264
6.35,548640.0,0.2111,0.1114,0.1266
6.36,549504.0,0.2112,0.1115,0.1267
6.37,550368.0,0.2114,0.1116,0.1268
6.38,551232.0,0.2116,0.1117,0.1269
6.39,552096.0,0.2117,0.1117,0.1270
6.40,552960.0,0.2119,0.1118,0.1271
6.41,553824.0,0.2121,0.1119,0.1273
6.42,554688.0,0.2122,0.1120,0.1274
6.43,555552.0,0.2124,0.1121,0.1275
6.44,556416.0,0.2126,0.1122,0.1276
6.45,557280.0,0.2127,0.1123,0.1277
6.46,558144.0,0.2129,0.1124,0.1278
6.47,559008.0,0.2130,0.1124,0.1279
6.48,559872.0,0.2132,0.1125,0.1280
6.49,560736.0,0.2134,0.1126,0.1282
6.50,561600.0,0.2135,0.1127,0.1283
6.51,562464.0,0.2137,0.1128,0.1284
6.52,563328.0,0.2139,0.1129,0.1285
6.53,564192.0,0.2140,0.1130,0.1286
6.54,565056.0,0.2142,0.1131,0.1287
6.55,565920.0,0.2144,0.1131,0.1288
6.56,566784.0,0.2145,0.1132,0.1290
6.57,567648.0,0.2147,0.1133,0.1291
6.58,568512.0,0.2149,0.1134,0.1292
6.59,569376.0,0.2150,0.1135,0.1293
6.60,570240.0,0.2152,0.1136,0.1294
6.61,571104.0,0.2153,0.1137,0.1295
6.62,571968.0,0.2155,0.1138,0.1296
6.63,572832.0,0.2157,0.1138,0.1297
6.64,573696.0,0.2158,0.1139,0.1299
6.65,574560.0,0.2160,0.1140,0.1300
6.66,575424.0,0.2162,0.1141,0.1301
6.67,576288.0,0.2163,0.1142,0.1302
6.68,577152.0,0.2165,0.1143,0.1303
6.69,578016.0,0.2166,0.1144,0.1304
6.70,578880.0,0.2168,0.1145,0.1305
6.71,579744.0,0.2170,0.1145,0.1307
6.72,580608.0,0.2171,0.1146,0.1308
6.73,581472.0,0.2173,0.1147,0.1309
6.74,582336.0,0.2174,0.1148,0.1310
6.75,583200.0,0.2176,0.1149,0.1311
6.76,584064.0,0.2178,0.1150,0.1312
6.77,584928.0,0.2179,0.1151,0.1313
6.78,585792.0,0.2181,0.1151,0.1314
6.79,586656.0,0.2183,0.1152,0.1315
6.80,587520.0,0.2184,0.1153,0.1317
6.81,588384.0,0.2186,0.1154,0.1318
6.82,589248.0,0.2187,0.1155,0.1319
6.83,590112.0,0.2189,0.1156,0.1320
6.84,590976.0,0.2191,0.1157,0.1321
6.85,591840.0,0.2192,0.1157,0.1322
6.86,592704.0,0.2194,0.1158,0.1323
6.87,593568.0,0.2195,0.1159,0.1324
6.88,594432.0,0.2197,0.1160,0.1326
6.89,595296.0,0.2199,0.1161,0.1327
6.90,596160.0,0.2200,0.1162,0.1328
6.91,597024.0,0.2202,0.1163,0.1329
6.92,597888.0,0.2203,0.1163,0.1330
6.93,598752.0,0.2205,0.1164,0.1331
6.94,599616.0,0.2207,0.1165,0.1332
6.95,600480.0,0.2208,0.1166,0.1333
6.96,601344.0,0.2210,0.1167,0.1334
6.97,602208.0,0.2211,0.1168,0.1336
6.98,603072.0,0.2213,0.1169,0.1337
6.99,603936.0,0.2214,0.1169,0.1338
7.00,604800.0,0.2216,0.1170,0.1339
7.01,605664.0,0.2218,0.1171,0.1340
7.02,606528.0,0.2219,0.1172,0.1341
7.03,607392.0,0.2221,0.1173,0.1342
7.04,608256.0,0.2222,0.1174,0.1343
7.05,609120.0,0.2224,0.1174,0.1344
7.06,609984.0,0.2225,0.1175,0.1346
7.07,610848.0,0.2227,0.1176,0.1347
7.08,611712.0,0.2229,0.1177,0.1348
7.09,612576.0,0.2230,0.1178,0.1349
7.10,613440.0,0.2232,0.1179,0.1350
7.11,614304.0,0.2233,0.1180,0.1351
7.12,615168.0,0.2235,0.1180,0.1352
7.13,616032.0,0.2237,0.1181,0.1353
7.14,616896.0,0.2238,0.1182,0.1354
7.15,617760.0,0.2240,0.1183,0.1355
7.16,618624.0,0.2241,0.1184,0.1357
7.17,619488.0,0.2243,0.1185,0.1358
7.18,620352.0,0.2244,0.1185,0.1359
7.19,621216.0,0.2246,0.1186,0.1360
7.20,622080.0,0.2247,0.1187,0.1361
7.21,622944.0,0.2249,0.1188,0.1362
7.22,623808.0,0.2251,0.1189,0.1363
7.23,624672.0,0.2252,0.1190,0.1364
7.24,625536.0,0.2254,0.1190,0.1365
7.25,626400.0,0.2255,0.1191,0.1366
7.26,627264.0,0.2257,0.1192,0.1367
7.27,628128.0,0.2258,0.1193,0.1369
7.28,628992.0,0.2260,0.1194,0.1370
7.29,629856.0,0.2261,0.1195,0.1371
7.30,630720.0,0.2263,0.1195,0.1372
7.31,631584.0,0.2265,0.1196,0.1373
7.32,632448.0,0.2266,0.1197,0.1374
7.33,633312.0,0.2268,0.1198,0.1375
7.34,634176.0,0.2269,0.1199,0.1376
7.35,635040.0,0.2271,0.1200,0.1377
7.36,635904.0,0.2272,0.1200,0.1378
7.37,636768.0,0.2274,0.1201,0.1379
7.38,637632.0,0.2275,0.1202,0.1381
7.39,638496.0,0.2277,0.1203,0.1382
7.40,639360.0,0.2278,0.1204,0.1383
7.41,640224.0,0.2280,0.1205,0.1384
7.42,641088.0,0.2282,0.1205,0.1385
7.43,641952.0,0.2283,0.1206,0.1386
7.44,642816.0,0.2285,0.1207,0.1387
7.45,643680.0,0.2286,0.1208,0.1388
7.46,644544.0,0.2288,0.1209,0.1389
7.47,645408.0,0.2289,0.1209,0.1390
7.48,646272.0,0.2291,0.1210,0.1391
7.49,647136.0,0.2292,0.1211,0.1393
7.50,648000.0,0.2294,0.1212,0.1394
7.51,648864.0,0.2295,0.1213,0.1395
7.52,649728.0,0.2297,0.1214,0.1396
7.53,650592.0,0.2298,0.1214,0.1397
7.54,651456.0,0.2300,0.1215,0.1398
7.55,652320.0,0.2301,0.1216,0.1399
7.56,653184.0,0.2303,0.1217,0.1400
7.57,654048.0,0.2304,0.1218,0.1401
7.58,654912.0,0.2306,0.1218,0.1402
7.59,655776.0,0.2308,0.1219,0.1403
7.60,656640.0,0.2309,0.1220,0.1404
7.61,657504.0,0.2311,0.1221,0.1405
7.62,658368.0,0.2312,0.1222,0.1407
7.63,659232.0,0.2314,0.1223,0.1408
7.64,660096.0,0.2315,0.1223,0.1409
7.65,660960.0,0.2317,0.1224,0.1410
7.66,661824.0,0.2318,0.1225,0.1411
7.67,662688.0,0.2320,0.1226,0.1412
7.68,663552.0,0.2321,0.1227,0.1413
7.69,664416.0,0.2323,0.1227,0.1414
7.70,665280.0,0.2324,0.1228,0.1415
7.71,666144.0,0.2326,0.1229,0.1416
7.72,667008.0,0.2327,0.1230,0.1417
7.73,667872.0,0.2329,0.1231,0.1418
7.74,668736.0,0.2330,0.1231,0.1419
7.75,669600.0,0.2332,0.1232,0.1421
7.76,670464.0,0.2333,0.1233,0.1422
7.77,671328.0,0.2335,0.1234,0.1423
7.78,672192.0,0.2336,0.1235,0.1424
7.79,673056.0,0.2338,0.1235,0.1425
7.80,673920.0,0.2339,0.1236,0.1426
7.81,674784.0,0.2341,0.1237,0.1427
7.82,675648.0,0.2342,0.1238,0.1428
7.83,676512.0,0.2344,0.1239,0.1429
7.84,677376.0,0.2345,0.1239,0.1430
7.85,678240.0,0.2347,0.1240,0.1431
7.86,679104.0,0.2348,0.1241,0.1432
7.87,679968.0,0.2350,0.1242,0.1433
7.88,680832.0,0.2351,0.1243,0.1434
7.89,681696.0,0.2353,0.1243,0.1435
7.90,682560.0,0.2354,0.1244,0.1437
7.91,683424.0,0.2356,0.1245,0.1438
7.92,684288.0,0.2357,0.1246,0.1439
7.93,685152.0,0.2359,0.1247,0.1440
7.94,686016.0,0.2360,0.1247,0.1441
7.95,686880.0,0.2362,0.1248,0.1442
7.96,687744.0,0.2363,0.1249,0.1443
7.97,688608.0,0.2365,0.1250,0.1444
7.98,689472.0,0.2366,0.1251,0.1445
7.99,690336.0,0.2368,0.1251,0.1446
8.00,691200.0,0.2369,0.1252,0.1447
8.01,692064.0,0.2371,0.1253,0.1448
8.02,692928.0,0.2372,0.1254,0.1449
8.03,693792.0,0.2373,0.1255,0.1450
8.04,694656.0,0.2375,0.1255,0.1451
8.05,695520.0,0.2376,0.1256,0.1452
8.06,696384.0,0.2378,0.1257,0.1453
8.07,697248.0,0.2379,0.1258,0.1455
8.08,698112.0,0.2381,0.1259,0.1456
8.09,698976.0,0.2382,0.1259,0.1457
8.10,699840.0,0.2384,0.1260,0.1458
8.11,700704.0,0.2385,0.1261,0.1459
8.12,701568.0,0.2387,0.1262,0.1460
8.13,702432.0,0.2388,0.1263,0.1461
8.14,703296.0,0.2390,0.1263,0.1462
8.15,704160.0,0.2391,0.1264,0.1463
8.16,705024.0,0.2393,0.1265,0.1464
8.17,705888.0,0.2394,0.1266,0.1465
8.18,706752.0,0.2396,0.1266,0.1466
8.19,707616.0,0.2397,0.1267,0.1467
8.20,708480.0,0.2398,0.1268,0.1468
8.21,709344.0,0.2400,0.1269,0.1469
8.22,710208.0,0.2401,0.1270,0.1470
8.23,711072.0,0.2403,0.1270,0.1471
8.24,711936.0,0.2404,0.1271,0.1472
8.25,712800.0,0.2406,0.1272,0.1473
8.26,713664.0,0.2407,0.1273,0.1475
8.27,714528.0,0.2409,0.1274,0.1476
8.28,715392.0,0.2410,0.1274,0.1477
8.29,716256.0,0.2412,0.1275,0.1478
8.30,717120.0,0.2413,0.1276,0.1479
8.31,717984.0,0.2414,0.1277,0.1480
8.32,718848.0,0.2416,0.1277,0.1481
8.33,719712.0,0.2417,0.1278,0.1482
8.34,720576.0,0.2419,0.1279,0.1483
8.35,721440.0,0.2420,0.1280,0.1484
8.36,722304.0,0.2422,0.1281,0.1485
8.37,723168.0,0.2423,0.1281,0.1486
8.38,724032.0,0.2425,0.1282,0.1487
8.39,724896.0,0.2426,0.1283,0.1488
8.40,725760.0,0.2428,0.1284,0.1489
8.41,726624.0,0.2429,0.1284,0.1490
8.42,727488.0,0.2430,0.1285,0.1491
8.43,728352.0,0.2432,0.1286,0.1492
8.44,729216.0,0.2433,0.1287,0.1493
8.45,730080.0,0.2435,0.1288,0.1494
8.46,730944.0,0.2436,0.1288,0.1495
8.47,731808.0,0.2438,0.1289,0.1496
8.48,732672.0,0.2439,0.1290,0.1497
8.49,733536.0,0.2440,0.1291,0.1499
8.50,734400.0,0.2442,0.1291,0.1500
8.51,735264.0,0.2443,0.1292,0.1501
8.52,736128.0,0.2445,0.1293,0.1502
8.53,736992.0,0.2446,0.1294,0.1503
8.54,737856.0,0.2448,0.1294,0.1504
8.55,738720.0,0.2449,0.1295,0.1505
8.56,739584.0,0.2451,0.1296,0.1506
8.57,740448.0,0.2452,0.1297,0.1507
8.58,741312.0,0.2453,0.1298,0.1508
8.59,742176.0,0.2455,0.1298,0.1509
8.60,743040.0,0.2456,0.1299,0.1510
8.61,743904.0,0.2458,0.1300,0.1511
8.62,744768.0,0.2459,0.1301,0.1512
8.63,745632.0,0.2461,0.1301,0.1513
8.64,746496.0,0.2462,0.1302,0.1514
8.65,747360.0,0.2463,0.1303,0.1515
8.66,748224.0,0.2465,0.1304,0.1516
8.67,749088.0,0.2466,0.1304,0.1517
8.68,749952.0,0.2468,0.1305,0.1518
8.69,750816.0,0.2469,0.1306,0.1519
8.70,751680.0,0.2470,0.1307,0.1520
8.71,752544.0,0.2472,0.1308,0.1521
8.72,753408.0,0.2473,0.1308,0.1522
8.73,754272.0,0.2475,0.1309,0.1523
8.74,755136.0,0.2476,0.1310,0.1524
8.75,756000.0,0.2478,0.1311,0.1525
8.76,756864.0,0.2479,0.1311,0.1526
8.77,757728.0,0.2480,0.1312,0.1527
8.78,758592.0,0.2482,0.1313,0.1528
8.79,759456.0,0.2483,0.1314,0.1529
8.80,760320.0,0.2485,0.1314,0.1531
8.81,761184.0,0.2486,0.1315,0.1532
8.82,762048.0,0.2487,0.1316,0.1533
8.83,762912.0,0.2489,0.1317,0.1534
8.84,763776.0,0.2490,0.1317,0.1535
8.85,764640.0,0.2492,0.1318,0.1536
8.86,765504.0,0.2493,0.1319,0.1537
8.87,766368.0,0.2495,0.1320,0.1538
8.88,767232.0,0.2496,0.1320,0.1539
8.89,768096.0,0.2497,0.1321,0.1540
8.90,768960.0,0.2499,0.1322,0.1541
8.91,769824.0,0.2500,0.1323,0.1542
8.92,770688.0,0.2502,0.1323,0.1543
8.93,771552.0,0.2503,0.1324,0.1544
8.94,772416.0,0.2504,0.1325,0.1545
8.95,773280.0,0.2506,0.1326,0.1546
8.96,774144.0,0.2507,0.1326,0.1547
8.97,775008.0,0.2509,0.1327,0.1548
8.98,775872.0,0.2510,0.1328,0.1549
8.99,776736.0,0.2511,0.1329,0.1550
9.00,777600.0,0.2513,0.1329,0.1551
9.01,778464.0,0.2514,0.1330,0.1552
9.02,779328.0,0.2516,0.1331,0.1553
9.03,780192.0,0.2517,0.1332,0.1554
9.04,781056.0,0.2518,0.1332,0.1555
9.05,781920.0,0.2520,0.1333,0.1556
9.06,782784.0,0.2521,0.1334,0.1557
9.07,783648.0,0.2522,0.1335,0.1558
9.08,784512.0,0.2524,0.1335,0.1559
9.09,785376.0,0.2525,0.1336,0.1560
9.10,786240.0,0.2527,0.1337,0.1561
9.11,787104.0,0.2528,0.1338,0.1562
9.12,787968.0,0.2529,0.1338,0.1563
9.13,788832.0,0.2531,0.1339,0.1564
9.14,789696.0,0.2532,0.1340,0.1565
9.15,790560.0,0.2534,0.1341,0.1566
9.16,791424.0,0.2535,0.1341,0.1567
9.17,792288.0,0.2536,0.1342,0.1568
9.18,793152.0,0.2538,0.1343,0.1569
9.19,794016.0,0.2539,0.1344,0.1570
9.20,794880.0,0.2540,0.1344,0.1571
9.21,795744.0,0.2542,0.1345,0.1572
9.22,796608.0,0.2543,0.1346,0.1573
9.23,797472.0,0.2545,0.1347,0.1574
9.24,798336.0,0.2546,0.1347,0.1575
9.25,799200.0,0.2547,0.1348,0.1576
9.26,800064.0,0.2549,0.1349,0.1577
9.27,800928.0,0.2550,0.1350,0.1578
9.28,801792.0,0.2552,0.1350,0.1579
9.29,802656.0,0.2553,0.1351,0.1580
9.30,803520.0,0.2554,0.1352,0.1581
9.31,804384.0,0.2556,0.1353,0.1582
9.32,805248.0,0.2557,0.1353,0.1583
9.33,806112.0,0.2558,0.1354,0.1584
9.34,806976.0,0.2560,0.1355,0.1585
9.35,807840.0,0.2561,0.1355,0.1586
9.36,808704.0,0.2562,0.1356,0.1587
9.37,809568.0,0.2564,0.1357,0.1588
9.38,810432.0,0.2565,0.1358,0.1589
9.39,811296.0,0.2567,0.1358,0.1590
9.40,812160.0,0.2568,0.1359,0.1591
9.41,813024.0,0.2569,0.1360,0.1592
9.42,813888.0,0.2571,0.1361,0.1593
9.43,814752.0,0.2572,0.1361,0.1594
9.44,815616.0,0.2573,0.1362,0.1595
9.45,816480.0,0.2575,0.1363,0.1596
9.46,817344.0,0.2576,0.1364,0.1597
9.47,818208.0,0.2578,0.1364,0.1598
9.48,819072.0,0.2579,0.1365,0.1599
9.49,819936.0,0.2580,0.1366,0.1600
9.50,820800.0,0.2582,0.1366,0.1601
9.51,821664.0,0.2583,0.1367,0.1602
9.52,822528.0,0.2584,0.1368,0.1603
9.53,823392.0,0.2586,0.1369,0.1604
9.54,824256.0,0.2587,0.1369,0.1605
9.55,825120.0,0.2588,0.1370,0.1606
9.56,825984.0,0.2590,0.1371,0.1607
9.57,826848.0,0.2591,0.1372,0.1608
9.58,827712.0,0.2592,0.1372,0.1609
9.59,828576.0,0.2594,0.1373,0.1610
9.60,829440.0,0.2595,0.1374,0.1611
9.61,830304.0,0.2596,0.1374,0.1612
9.62,831168.0,0.2598,0.1375,0.1613
9.63,832032.0,0.2599,0.1376,0.1614
9.64,832896.0,0.2601,0.1377,0.1615
9.65,833760.0,0.2602,0.1377,0.1616
9.66,834624.0,0.2603,0.1378,0.1617
9.67,835488.0,0.2605,0.1379,0.1618
9.68,836352.0,0.2606,0.1380,0.1619
9.69,837216.0,0.2607,0.1380,0.1620
9.70,838080.0,0.2609,0.1381,0.1621
9.71,838944.0,0.2610,0.1382,0.1622
9.72,839808.0,0.2611,0.1382,0.1623
9.73,840672.0,0.2613,0.1383,0.1624
9.74,841536.0,0.2614,0.1384,0.1625
9.75,842400.0,0.2615,0.1385,0.1626
9.76,843264.0,0.2617,0.1385,0.1627
9.77,844128.0,0.2618,0.1386,0.1628
9.78,844992.0,0.2619,0.1387,0.1629
9.79,845856.0,0.2621,0.1388,0.1630
9.80,846720.0,0.2622,0.1388,0.1631
9.81,847584.0,0.2623,0.1389,0.1632
9.82,848448.0,0.2625,0.1390,0.1633
9.83,849312.0,0.2626,0.1390,0.1634
9.84,850176.0,0.2627,0.1391,0.1635
9.85,851040.0,0.2629,0.1392,0.1636
9.86,851904.0,0.2630,0.1393,0.1637
9.87,852768.0,0.2631,0.1393,0.1638
9.88,853632.0,0.2633,0.1394,0.1639
9.89,854496.0,0.2634,0.1395,0.1640
9.90,855360.0,0.2635,0.1395,0.1641
9.91,856224.0,0.2637,0.1396,0.1642
9.92,857088.0,0.2638,0.1397,0.1643
9.93,857952.0,0.2639,0.1398,0.1644
9.94,858816.0,0.2641,0.1398,0.1645
9.95,859680.0,0.2642,0.1399,0.1646
9.96,860544.0,0.2643,0.1400,0.1647
9.97,861408.0,0.2645,0.1400,0.1648
9.98,862272.0,0.2646,0.1401,0.1649
9.99,863136.0,0.2647,0.1402,0.1650
10.00,864000.0,0.2649,0.1403,0.1651
10.01,864864.0,0.2650,0.1403,0.1652
10.02,865728.0,0.2651,0.1404,0.1653
10.03,866592.0,0.2653,0.1405,0.1654
10.04,867456.0,0.2654,0.1405,0.1655
10.05,868320.0,0.2655,0.1406,0.1656
10.06,869184.0,0.2657,0.1407,0.1657
10.07,870048.0,0.2658,0.1408,0.1658
10.08,870912.0,0.2659,0.1408,0.1659
10.09,871776.0,0.2661,0.1409,0.1660
10.10,872640.0,0.2662,0.1410,0.1661
10.11,873504.0,0.2663,0.1410,0.1662
10.12,874368.0,0.2664,0.1411,0.1663
10.13,875232.0,0.2666,0.1412,0.1664
10.14,876096.0,0.2667,0.1413,0.1665
10.15,876960.0,0.2668,0.1413,0.1666
10.16,877824.0,0.2670,0.1414,0.1667
10.17,878688.0,0.2671,0.1415,0.1668
10.18,879552.0,0.2672,0.1415,0.1669
10.19,880416.0,0.2674,0.1416,0.1670
10.20,881280.0,0.2675,0.1417,0.1671
10.21,882144.0,0.2676,0.1417,0.1672
10.22,883008.0,0.2678,0.1418,0.1673
10.23,883872.0,0.2679,0.1419,0.1674
10.24,884736.0,0.2680,0.1420,0.1675
10.25,885600.0,0.2682,0.1420,0.1676
10.26,886464.0,0.2683,0.1421,0.1677
10.27,887328.0,0.2684,0.1422,0.1678
10.28,888192.0,0.2685,0.1422,0.1679
10.29,889056.0,0.2687,0.1423,0.1680
10.30,889920.0,0.2688,0.1424,0.1681
10.31,890784.0,0.2689,0.1425,0.1682
10.32,891648.0,0.2691,0.1425,0.1683
10.33,892512.0,0.2692,0.1426,0.1684
10.34,893376.0,0.2693,0.1427,0.1684
10.35,894240.0,0.2695,0.1427,0.1685
10.36,895104.0,0.2696,0.1428,0.1686
10.37,895968.0,0.2697,0.1429,0.1687
10.38,896832.0,0.2699,0.1429,0.1688
10.39,897696.0,0.2700,0.1430,0.1689
10.40,898560.0,0.2701,0.1431,0.1690
10.41,899424.0,0.2702,0.1432,0.1691
10.42,900288.0,0.2704,0.1432,0.1692
10.43,901152.0,0.2705,0.1433,0.1693
10.44,902016.0,0.2706,0.1434,0.1694
10.45,902880.0,0.2708,0.1434,0.1695
10.46,903744.0,0.2709,0.1435,0.1696
10.47,904608.0,0.2710,0.1436,0.1697
10.48,905472.0,0.2711,0.1436,0.1698
10.49,906336.0,0.2713,0.1437,0.1699
10.50,907200.0,0.2714,0.1438,0.1700
10.51,908064.0,0.2715,0.1438,0.1701
10.52,908928.0,0.2717,0.1439,0.1702
10.53,909792.0,0.2718,0.1440,0.1703
10.54,910656.0,0.2719,0.1441,0.1704
10.55,911520.0,0.2721,0.1441,0.1705
10.56,912384.0,0.2722,0.1442,0.1706
10.57,913248.0,0.2723,0.1443,0.1707
10.58,914112.0,0.2724,0.1443,0.1708
10.59,914976.0,0.2726,0.1444,0.1709
10.60,915840.0,0.2727,0.1445,0.1710
10.61,916704.0,0.2728,0.1445,0.1711
10.62,917568.0,0.2730,0.1446,0.1712
10.63,918432.0,0.2731,0.1447,0.1713
10.64,919296.0,0.2732,0.1448,0.1714
10.65,920160.0,0.2733,0.1448,0.1715
10.66,921024.0,0.2735,0.1449,0.1716
10.67,921888.0,0.2736,0.1450,0.1717
10.68,922752.0,0.2737,0.1450,0.1717
10.69,923616.0,0.2739,0.1451,0.1718
10.70,924480.0,0.2740,0.1452,0.1719
10.71,925344.0,0.2741,0.1452,0.1720
10.72,926208.0,0.2742,0.1453,0.1721
10.73,927072.0,0.2744,0.1454,0.1722
10.74,927936.0,0.2745,0.1454,0.1723
10.75,928800.0,0.2746,0.1455,0.1724
10.76,929664.0,0.2747,0.1456,0.1725
10.77,930528.0,0.2749,0.1456,0.1726
10.78,931392.0,0.2750,0.1457,0.1727
10.79,932256.0,0.2751,0.1458,0.1728
10.80,933120.0,0.2753,0.1459,0.1729
10.81,933984.0,0.2754,0.1459,0.1730
10.82,934848.0,0.2755,0.1460,0.1731
10.83,935712.0,0.2756,0.1461,0.1732
10.84,936576.0,0.2758,0.1461,0.1733
10.85,937440.0,0.2759,0.1462,0.1734
10.86,938304.0,0.2760,0.1463,0.1735
10.87,939168.0,0.2761,0.1463,0.1736
10.88,940032.0,0.2763,0.1464,0.1737
10.89,940896.0,0.2764,0.1465,0.1738
10.90,941760.0,0.2765,0.1465,0.1739
10.91,942624.0,0.2767,0.1466,0.1740
10.92,943488.0,0.2768,0.1467,0.1741
10.93,944352.0,0.2769,0.1467,0.1742
10.94,945216.0,0.2770,0.1468,0.1743
10.95,946080.0,0.2772,0.1469,0.1743
10.96,946944.0,0.2773,0.1470,0.1744
10.97,947808.0,0.2774,0.1470,0.1745
10.98,948672.0,0.2775,0.1471,0.1746
10.99,949536.0,0.2777,0.1472,0.1747
11.00,950400.0,0.2778,0.1472,0.1748
11.01,951264.0,0.2779,0.1473,0.1749
11.02,952128.0,0.2780,0.1474,0.1750
11.03,952992.0,0.2782,0.1474,0.1751
11.04,953856.0,0.2783,0.1475,0.1752
11.05,954720.0,0.2784,0.1476,0.1753
11.06,955584.0,0.2785,0.1476,0.1754
11.07,956448.0,0.2787,0.1477,0.1755
11.08,957312.0,0.2788,0.1478,0.1756
11.09,958176.0,0.2789,0.1478,0.1757
11.10,959040.0,0.2791,0.1479,0.1758
11.11,959904.0,0.2792,0.1480,0.1759
11.12,960768.0,0.2793,0.1480,0.1760
11.13,961632.0,0.2794,0.1481,0.1761
11.14,962496.0,0.2796,0.1482,0.1762
11.15,963360.0,0.2797,0.1482,0.1763
11.16,964224.0,0.2798,0.1483,0.1764
11.17,965088.0,0.2799,0.1484,0.1764
11.18,965952.0,0.2801,0.1484,0.1765
11.19,966816.0,0.2802,0.1485,0.1766
11.20,967680.0,0.2803,0.1486,0.1767
11.21,968544.0,0.2804,0.1486,0.1768
11.22,969408.0,0.2806,0.1487,0.1769
11.23,970272.0,0.2807,0.1488,0.1770
11.24,971136.0,0.2808,0.1488,0.1771
11.25,972000.0,0.2809,0.1489,0.1772
11.26,972864.0,0.2811,0.1490,0.1773
11.27,973728.0,0.2812,0.1491,0.1774
11.28,974592.0,0.2813,0.1491,0.1775
11.29,975456.0,0.2814,0.1492,0.1776
11.30,976320.0,0.2816,0.1493,0.1777
11.31,977184.0,0.2817,0.1493,0.1778
11.32,978048.0,0.2818,0.1494,0.1779
11.33,978912.0,0.2819,0.1495,0.1780
11.34,979776.0,0.2821,0.1495,0.1781
11.35,980640.0,0.2822,0.1496,0.1782
11.36,981504.0,0.2823,0.1497,0.1783
11.37,982368.0,0.2824,0.1497,0.1784
11.38,983232.0,0.2826,0.1498,0.1784
11.39,984096.0,0.2827,0.1499,0.1785
11.40,984960.0,0.2828,0.1499,0.1786
11.41,985824.0,0.2829,0.1500,0.1787
11.42,986688.0,0.2830,0.1501,0.1788
11.43,987552.0,0.2832,0.1501,0.1789
11.44,988416.0,0.2833,0.1502,0.1790
11.45,989280.0,0.2834,0.1503,0.1791
11.46,990144.0,0.2835,0.1503,0.1792
11.47,991008.0,0.2837,0.1504,0.1793
11.48,991872.0,0.2838,0.1505,0.1794
11.49,992736.0,0.2839,0.1505,0.1795
11.50,993600.0,0.2840,0.1506,0.1796
11.51,994464.0,0.2842,0.1507,0.1797
11.52,995328.0,0.2843,0.1507,0.1798
11.53,996192.0,0.2844,0.1508,0.1799
11.54,997056.0,0.2845,0.1509,0.1800
11.55,997920.0,0.2847,0.1509,0.1801
11.56,998784.0,0.2848,0.1510,0.1801
11.57,999648.0,0.2849,0.1511,0.1802
11.58,1000512.0,0.2850,0.1511,0.1803
11.59,1001376.0,0.2851,0.1512,0.1804
11.60,1002240.0,0.2853,0.1513,0.1805
11.61,1003104.0,0.2854,0.1513,0.1806
11.62,1003968.0,0.2855,0.1514,0.1807
11.63,1004832.0,0.2856,0.1515,0.1808
11.64,1005696.0,0.2858,0.1515,0.1809
11.65,1006560.0,0.2859,0.1516,0.1810
11.66,1007424.0,0.2860,0.1517,0.1811
11.67,1008288.0,0.2861,0.1517,0.1812
11.68,1009152.0,0.2863,0.1518,0.1813
11.69,1010016.0,0.2864,0.1519,0.1814
11.70,1010880.0,0.2865,0.1519,0.1815
11.71,1011744.0,0.2866,0.1520,0.1816
11.72,1012608.0,0.2867,0.1521,0.1817
11.73,1013472.0,0.2869,0.1521,0.1817
11.74,1014336.0,0.2870,0.1522,0.1818
11.75,1015200.0,0.2871,0.1522,0.1819
11.76,1016064.0,0.2872,0.1523,0.1820
11.77,1016928.0,0.2874,0.1524,0.1821
11.78,1017792.0,0.2875,0.1524,0.1822
11.79,1018656.0,0.2876,0.1525,0.1823
11.80,1019520.0,0.2877,0.1526,0.1824
11.81,1020384.0,0.2878,0.1526,0.1825
11.82,1021248.0,0.2880,0.1527,0.1826
11.83,1022112.0,0.2881,0.1528,0.1827
11.84,1022976.0,0.2882,0.1528,0.1828
11.85,1023840.0,0.2883,0.1529,0.1829
11.86,1024704.0,0.2884,0.1530,0.1830
11.87,1025568.0,0.2886,0.1530,0.1831
11.88,1026432.0,0.2887,0.1531,0.1832
11.89,1027296.0,0.2888,0.1532,0.1832
11.90,1028160.0,0.2889,0.1532,0.1833
11.91,1029024.0,0.2891,0.1533,0.1834
11.92,1029888.0,0.2892,0.1534,0.1835
11.93,1030752.0,0.2893,0.1534,0.1836
11.94,1031616.0,0.2894,0.1535,0.1837
11.95,1032480.0,0.2895,0.1536,0.1838
11.96,1033344.0,0.2897,0.1536,0.1839
11.97,1034208.0,0.2898,0.1537,0.1840
11.98,1035072.0,0.2899,0.1538,0.1841
11.99,1035936.0,0.2900,0.1538,0.1842
12.00,1036800.0,0.2901,0.1539,0.1843
12.01,1037664.0,0.2903,0.1540,0.1844
12.02,1038528.0,0.2904,0.1540,0.1845
12.03,1039392.0,0.2905,0.1541,0.1846
12.04,1040256.0,0.2906,0.1542,0.1846
12.05,1041120.0,0.2907,0.1542,0.1847
12.06,1041984.0,0.2909,0.1543,0.1848
12.07,1042848.0,0.2910,0.1543,0.1849
12.08,1043712.0,0.2911,0.1544,0.1850
12.09,1044576.0,0.2912,0.1545,0.1851
12.10,1045440.0,0.2914,0.1545,0.1852
12.11,1046304.0,0.2915,0.1546,0.1853
12.12,1047168.0,0.2916,0.1547,0.1854
12.13,1048032.0,0.2917,0.1547,0.1855
12.14,1048896.0,0.2918,0.1548,0.1856
12.15,1049760.0,0.2920,0.1549,0.1857
12.16,1050624.0,0.2921,0.1549,0.1858
12.17,1051488.0,0.2922,0.1550,0.1859
12.18,1052352.0,0.2923,0.1551,0.1860
12.19,1053216.0,0.2924,0.1551,0.1860
12.20,1054080.0,0.2926,0.1552,0.1861
12.21,1054944.0,0.2927,0.1553,0.1862
12.22,1055808.0,0.2928,0.1553,0.1863
12.23,1056672.0,0.2929,0.1554,0.1864
12.24,1057536.0,0.2930,0.1554,0.1865
12.25,1058400.0,0.2932,0.1555,0.1866
12.26,1059264.0,0.2933,0.1556,0.1867
12.27,1060128.0,0.2934,0.1556,0.1868
12.28,1060992.0,0.2935,0.1557,0.1869
12.29,1061856.0,0.2936,0.1558,0.1870
12.30,1062720.0,0.2937,0.1558,0.1871
12.31,1063584.0,0.2939,0.1559,0.1872
12.32,1064448.0,0.2940,0.1560,0.1872
12.33,1065312.0,0.2941,0.1560,0.1873
12.34,1066176.0,0.2942,0.1561,0.1874
12.35,1067040.0,0.2943,0.1562,0.1875
12.36,1067904.0,0.2945,0.1562,0.1876
12.37,1068768.0,0.2946,0.1563,0.1877
12.38,1069632.0,0.2947,0.1564,0.1878
12.39,1070496.0,0.2948,0.1564,0.1879
12.40,1071360.0,0.2949,0.1565,0.1880
12.41,1072224.0,0.2951,0.1565,0.1881
12.42,1073088.0,0.2952,0.1566,0.1882
12.43,1073952.0,0.2953,0.1567,0.1883
12.44,1074816.0,0.2954,0.1567,0.1884
12.45,1075680.0,0.2955,0.1568,0.1885
12.46,1076544.0,0.2957,0.1569,0.1885
12.47,1077408.0,0.2958,0.1569,0.1886
12.48,1078272.0,0.2959,0.1570,0.1887
12.49,1079136.0,0.2960,0.1571,0.1888
12.50,1080000.0,0.2961,0.1571,0.1889
12.51,1080864.0,0.2962,0.1572,0.1890
12.52,1081728.0,0.2964,0.1573,0.1891
12.53,1082592.0,0.2965,0.1573,0.1892
12.54,1083456.0,0.2966,0.1574,0.1893
12.55,1084320.0,0.2967,0.1574,0.1894
12.56,1085184.0,0.2968,0.1575,0.1895
12.57,1086048.0,0.2970,0.1576,0.1896
12.58,1086912.0,0.2971,0.1576,0.1896
12.59,1087776.0,0.2972,0.1577,0.1897
12.60,1088640.0,0.2973,0.1578,0.1898
12.61,1089504.0,0.2974,0.1578,0.1899
12.62,1090368.0,0.2975,0.1579,0.1900
12.63,1091232.0,0.2977,0.1580,0.1901
12.64,1092096.0,0.2978,0.1580,0.1902
12.65,1092960.0,0.2979,0.1581,0.1903
12.66,1093824.0,0.2980,0.1581,0.1904
12.67,1094688.0,0.2981,0.1582,0.1905
12.68,1095552.0,0.2983,0.1583,0.1906
12.69,1096416.0,0.2984,0.1583,0.1907
12.70,1097280.0,0.2985,0.1584,0.1908
12.71,1098144.0,0.2986,0.1585,0.1908
12.72,1099008.0,0.2987,0.1585,0.1909
12.73,1099872.0,0.2988,0.1586,0.1910
12.74,1100736.0,0.2990,0.1587,0.1911
12.75,1101600.0,0.2991,0.1587,0.1912
12.76,1102464.0,0.2992,0.1588,0.1913
12.77,1103328.0,0.2993,0.1588,0.1914
12.78,1104192.0,0.2994,0.1589,0.1915
12.79,1105056.0,0.2995,0.1590,0.1916
12.80,1105920.0,0.2997,0.1590,0.1917
12.81,1106784.0,0.2998,0.1591,0.1918
12.82,1107648.0,0.2999,0.1592,0.1919
12.83,1108512.0,0.3000,0.1592,0.1919
12.84,1109376.0,0.3001,0.1593,0.1920
12.85,1110240.0,0.3002,0.1593,0.1921
12.86,1111104.0,0.3004,0.1594,0.1922
12.87,1111968.0,0.3005,0.1595,0.1923
12.88,1112832.0,0.3006,0.1595,0.1924
12.89,1113696.0,0.3007,0.1596,0.1925
12.90,1114560.0,0.3008,0.1597,0.1926
12.91,1115424.0,0.3009,0.1597,0.1927
12.92,1116288.0,0.3011,0.1598,0.1928
12.93,1117152.0,0.3012,0.1599,0.1929
12.94,1118016.0,0.3013,0.1599,0.1930
12.95,1118880.0,0.3014,0.1600,0.1930
12.96,1119744.0,0.3015,0.1600,0.1931
12.97,1120608.0,0.3016,0.1601,0.1932
12.98,1121472.0,0.3018,0.1602,0.1933
12.99,1122336.0,0.3019,0.1602,0.1934
13.00,1123200.0,0.3020,0.1603,0.1935
13.01,1124064.0,0.3021,0.1604,0.1936
13.02,1124928.0,0.3022,0.1604,0.1937
13.03,1125792.0,0.3023,0.1605,0.1938
13.04,1126656.0,0.3025,0.1605,0.1939
13.05,1127520.0,0.3026,0.1606,0.1940
13.06,1128384.0,0.3027,0.1607,0.1940
13.07,1129248.0,0.3028,0.1607,0.1941
13.08,1130112.0,0.3029,0.1608,0.1942
13.09,1130976.0,0.3030,0.1609,0.1943
13.10,1131840.0,0.3032,0.1609,0.1944
13.11,1132704.0,0.3033,0.1610,0.1945
13.12,1133568.0,0.3034,0.1610,0.1946
13.13,1134432.0,0.3035,0.1611,0.1947
13.14,1135296.0,0.3036,0.1612,0.1948
13.15,1136160.0,0.3037,0.1612,0.1949
13.16,1137024.0,0.3038,0.1613,0.1950
13.17,1137888.0,0.3040,0.1614,0.1950
13.18,1138752.0,0.3041,0.1614,0.1951
13.19,1139616.0,0.3042,0.1615,0.1952
13.20,1140480.0,0.3043,0.1615,0.1953
13.21,1141344.0,0.3044,0.1616,0.1954
13.22,1142208.0,0.3045,0.1617,0.1955
13.23,1143072.0,0.3047,0.1617,0.1956
13.24,1143936.0,0.3048,0.1618,0.1957
13.25,1144800.0,0.3049,0.1619,0.1958
13.26,1145664.0,0.3050,0.1619,0.1959
13.27,1146528.0,0.3051,0.1620,0.1960
13.28,1147392.0,0.3052,0.1620,0.1960
13.29,1148256.0,0.3053,0.1621,0.1961
13.30,1149120.0,0.3055,0.1622,0.1962
13.31,1149984.0,0.3056,0.1622,0.1963
13.32,1150848.0,0.3057,0.1623,0.1964
13.33,1151712.0,0.3058,0.1624,0.1965
13.34,1152576.0,0.3059,0.1624,0.1966
13.35,1153440.0,0.3060,0.1625,0.1967
13.36,1154304.0,0.3061,0.1625,0.1968
13.37,1155168.0,0.3063,0.1626,0.1969
13.38,1156032.0,0.3064,0.1627,0.1969
13.39,1156896.0,0.3065,0.1627,0.1970
13.40,1157760.0,0.3066,0.1628,0.1971
13.41,1158624.0,0.3067,0.1629,0.1972
13.42,1159488.0,0.3068,0.1629,0.1973
13.43,1160352.0,0.3069,0.1630,0.1974
13.44,1161216.0,0.3071,0.1630,0.1975
13.45,1162080.0,0.3072,0.1631,0.1976
13.46,1162944.0,0.3073,0.1632,0.1977
13.47,1163808.0,0.3074,0.1632,0.1978
13.48,1164672.0,0.3075,0.1633,0.1979
13.49,1165536.0,0.3076,0.1633,0.1979
13.50,1166400.0,0.3077,0.1634,0.1980
13.51,1167264.0,0.3079,0.1635,0.1981
13.52,1168128.0,0.3080,0.1635,0.1982
13.53,1168992.0,0.3081,0.1636,0.1983
13.54,1169856.0,0.3082,0.1637,0.1984
13.55,1170720.0,0.3083,0.1637,0.1985
13.56,1171584.0,0.3084,0.1638,0.1986
13.57,1172448.0,0.3085,0.1638,0.1987
13.58,1173312.0,0.3087,0.1639,0.1988
13.59,1174176.0,0.3088,0.1640,0.1988
13.60,1175040.0,0.3089,0.1640,0.1989
13.61,1175904.0,0.3090,0.1641,0.1990
13.62,1176768.0,0.3091,0.1641,0.1991
13.63,1177632.0,0.3092,0.1642,0.1992
13.64,1178496.0,0.3093,0.1643,0.1993
13.65,1179360.0,0.3095,0.1643,0.1994
13.66,1180224.0,0.3096,0.1644,0.1995
13.67,1181088.0,0.3097,0.1645,0.1996
13.68,1181952.0,0.3098,0.1645,0.1997
13.69,1182816.0,0.3099,0.1646,0.1997
13.70,1183680.0,0.3100,0.1646,0.1998
13.71,1184544.0,0.3101,0.1647,0.1999
13.72,1185408.0,0.3102,0.1648,0.2000
13.73,1186272.0,0.3104,0.1648,0.2001
13.74,1187136.0,0.3105,0.1649,0.2002
13.75,1188000.0,0.3106,0.1649,0.2003
13.76,1188864.0,0.3107,0.1650,0.2004
13.77,1189728.0,0.3108,0.1651,0.2005
13.78,1190592.0,0.3109,0.1651,0.2006
13.79,1191456.0,0.3110,0.1652,0.2006
13.80,1192320.0,0.3111,0.1652,0.2007
13.81,1193184.0,0.3113,0.1653,0.2008
13.82,1194048.0,0.3114,0.1654,0.2009
13.83,1194912.0,0.3115,0.1654,0.2010
13.84,1195776.0,0.3116,0.1655,0.2011
13.85,1196640.0,0.3117,0.1656,0.2012
13.86,1197504.0,0.3118,0.1656,0.2013
13.87,1198368.0,0.3119,0.1657,0.2014
13.88,1199232.0,0.3120,0.1657,0.2014
13.89,1200096.0,0.3122,0.1658,0.2015
13.90,1200960.0,0.3123,0.1659,0.2016
13.91,1201824.0,0.3124,0.1659,0.2017
13.92,1202688.0,0.3125,0.1660,0.2018
13.93,1203552.0,0.3126,0.1660,0.2019
13.94,1204416.0,0.3127,0.1661,0.2020
13.95,1205280.0,0.3128,0.1662,0.2021
13.96,1206144.0,0.3129,0.1662,0.2022
13.97,1207008.0,0.3131,0.1663,0.2023
13.98,1207872.0,0.3132,0.1663,0.2023
13.99,1208736.0,0.3133,0.1664,0.2024
14.00,1209600.0,0.3134,0.1665,0.2025
14.01,1210464.0,0.3135,0.1665,0.2026
14.02,1211328.0,0.3136,0.1666,0.2027
14.03,1212192.0,0.3137,0.1666,0.2028
14.04,1213056.0,0.3138,0.1667,0.2029
14.05,1213920.0,0.3140,0.1668,0.2030
14.06,1214784.0,0.3141,0.1668,0.2031
14.07,1215648.0,0.3142,0.1669,0.2031
14.08,1216512.0,0.3143,0.1670,0.2032
14.09,1217376.0,0.3144,0.1670,0.2033
14.10,1218240.0,0.3145,0.1671,0.2034
14.11,1219104.0,0.3146,0.1671,0.2035
14.12,1219968.0,0.3147,0.1672,0.2036
14.13,1220832.0,0.3148,0.1673,0.2037
14.14,1221696.0,0.3150,0.1673,0.2038
14.15,1222560.0,0.3151,0.1674,0.2039
14.16,1223424.0,0.3152,0.1674,0.2039
14.17,1224288.0,0.3153,0.1675,0.2040
14.18,1225152.0,0.3154,0.1676,0.2041
14.19,1226016.0,0.3155,0.1676,0.2042
14.20,1226880.0,0.3156,0.1677,0.2043
14.21,1227744.0,0.3157,0.1677,0.2044
14.22,1228608.0,0.3158,0.1678,0.2045
14.23,1229472.0,0.3160,0.1679,0.2046
14.24,1230336.0,0.3161,0.1679,0.2047
14.25,1231200.0,0.3162,0.1680,0.2048
14.26,1232064.0,0.3163,0.1680,0.2048
14.27,1232928.0,0.3164,0.1681,0.2049
14.28,1233792.0,0.3165,0.1682,0.2050
14.29,1234656.0,0.3166,0.1682,0.2051
14.30,1235520.0,0.3167,0.1683,0.2052
14.31,1236384.0,0.3168,0.1683,0.2053
14.32,1237248.0,0.3170,0.1684,0.2054
14.33,1238112.0,0.3171,0.1685,0.2055
14.34,1238976.0,0.3172,0.1685,0.2056
14.35,1239840.0,0.3173,0.1686,0.2056
14.36,1240704.0,0.3174,0.1686,0.2057
14.37,1241568.0,0.3175,0.1687,0.2058
14.38,1242432.0,0.3176,0.1688,0.2059
14.39,1243296.0,0.3177,0.1688,0.2060
14.40,1244160.0,0.3178,0.1689,0.2061
14.41,1245024.0,0.3179,0.1689,0.2062
14.42,1245888.0,0.3181,0.1690,0.2063
14.43,1246752.0,0.3182,0.1691,0.2063
14.44,1247616.0,0.3183,0.1691,0.2064
14.45,1248480.0,0.3184,0.1692,0.2065
14.46,1249344.0,0.3185,0.1692,0.2066
14.47,1250208.0,0.3186,0.1693,0.2067
14.48,1251072.0,0.3187,0.1694,0.2068
14.49,1251936.0,0.3188,0.1694,0.2069
14.50,1252800.0,0.3189,0.1695,0.2070
14.51,1253664.0,0.3190,0.1695,0.2071
14.52,1254528.0,0.3192,0.1696,0.2071
14.53,1255392.0,0.3193,0.1697,0.2072
14.54,1256256.0,0.3194,0.1697,0.2073
14.55,1257120.0,0.3195,0.1698,0.2074
14.56,1257984.0,0.3196,0.1698,0.2075
14.57,1258848.0,0.3197,0.1699,0.2076
14.58,1259712.0,0.3198,0.1699,0.2077
14.59,1260576.0,0.3199,0.1700,0.2078
14.60,1261440.0,0.3200,0.1701,0.2079
14.61,1262304.0,0.3201,0.1701,0.2079
14.62,1263168.0,0.3203,0.1702,0.2080
14.63,1264032.0,0.3204,0.1702,0.2081
14.64,1264896.0,0.3205,0.1703,0.2082
14.65,1265760.0,0.3206,0.1704,0.2083
14.66,1266624.0,0.3207,0.1704,0.2084
14.67,1267488.0,0.3208,0.1705,0.2085
14.68,1268352.0,0.3209,0.1705,0.2086
14.69,1269216.0,0.3210,0.1706,0.2086
14.70,1270080.0,0.3211,0.1707,0.2087
14.71,1270944.0,0.3212,0.1707,0.2088
14.72,1271808.0,0.3213,0.1708,0.2089
14.73,1272672.0,0.3215,0.1708,0.2090
14.74,1273536.0,0.3216,0.1709,0.2091
14.75,1274400.0,0.3217,0.1710,0.2092
14.76,1275264.0,0.3218,0.1710,0.2093
14.77,1276128.0,0.3219,0.1711,0.2094
14.78,1276992.0,0.3220,0.1711,0.2094
14.79,1277856.0,0.3221,0.1712,0.2095
14.80,1278720.0,0.3222,0.1713,0.2096
14.81,1279584.0,0.3223,0.1713,0.2097
14.82,1280448.0,0.3224,0.1714,0.2098
14.83,1281312.0,0.3225,0.1714,0.2099
14.84,1282176.0,0.3227,0.1715,0.2100
14.85,1283040.0,0.3228,0.1715,0.2101
14.86,1283904.0,0.3229,0.1716,0.2101
14.87,1284768.0,0.3230,0.1717,0.2102
14.88,1285632.0,0.3231,0.1717,0.2103
14.89,1286496.0,0.3232,0.1718,0.2104
14.90,1287360.0,0.3233,0.1718,0.2105
14.91,1288224.0,0.3234,0.1719,0.2106
14.92,1289088.0,0.3235,0.1720,0.2107
14.93,1289952.0,0.3236,0.1720,0.2108
14.94,1290816.0,0.3237,0.1721,0.2108
14.95,1291680.0,0.3239,0.1721,0.2109
14.96,1292544.0,0.3240,0.1722,0.2110
14.97,1293408.0,0.3241,0.1723,0.2111
14.98,1294272.0,0.3242,0.1723,0.2112
14.99,1295136.0,0.3243,0.1724,0.2113
15.00,1296000.0,0.3244,0.1724,0.2114
15.01,1296864.0,0.3245,0.1725,0.2115
15.02,1297728.0,0.3246,0.1725,0.2115
15.03,1298592.0,0.3247,0.1726,0.2116
15.04,1299456.0,0.3248,0.1727,0.2117
15.05,1300320.0,0.3249,0.1727,0.2118
15.06,1301184.0,0.3250,0.1728,0.2119
15.07,1302048.0,0.3251,0.1728,0.2120
15.08,1302912.0,0.3253,0.1729,0.2121
15.09,1303776.0,0.3254,0.1730,0.2122
15.10,1304640.0,0.3255,0.1730,0.2122
15.11,1305504.0,0.3256,0.1731,0.2123
15.12,1306368.0,0.3257,0.1731,0.2124
15.13,1307232.0,0.3258,0.1732,0.2125
15.14,1308096.0,0.3259,0.1732,0.2126
15.15,1308960.0,0.3260,0.1733,0.2127
15.16,1309824.0,0.3261,0.1734,0.2128
15.17,1310688.0,0.3262,0.1734,0.2129
15.18,1311552.0,0.3263,0.1735,0.2129
15.19,1312416.0,0.3264,0.1735,0.2130
15.20,1313280.0,0.3265,0.1736,0.2131
15.21,1314144.0,0.3267,0.1737,0.2132
15.22,1315008.0,0.3268,0.1737,0.2133
15.23,1315872.0,0.3269,0.1738,0.2134
15.24,1316736.0,0.3270,0.1738,0.2135
15.25,1317600.0,0.3271,0.1739,0.2136
15.26,1318464.0,0.3272,0.1739,0.2136
15.27,1319328.0,0.3273,0.1740,0.2137
15.28,1320192.0,0.3274,0.1741,0.2138
15.29,1321056.0,0.3275,0.1741,0.2139
15.30,1321920.0,0.3276,0.1742,0.2140
15.31,1322784.0,0.3277,0.1742,0.2141
15.32,1323648.0,0.3278,0.1743,0.2142
15.33,1324512.0,0.3279,0.1744,0.2143
15.34,1325376.0,0.3280,0.1744,0.2143
15.35,1326240.0,0.3282,0.1745,0.2144
15.36,1327104.0,0.3283,0.1745,0.2145
15.37,1327968.0,0.3284,0.1746,0.2146
15.38,1328832.0,0.3285,0.1746,0.2147
15.39,1329696.0,0.3286,0.1747,0.2148
15.40,1330560.0,0.3287,0.1748,0.2149
15.41,1331424.0,0.3288,0.1748,0.2150
15.42,1332288.0,0.3289,0.1749,0.2150
15.43,1333152.0,0.3290,0.1749,0.2151
15.44,1334016.0,0.3291,0.1750,0.2152
15.45,1334880.0,0.3292,0.1751,0.2153
15.46,1335744.0,0.3293,0.1751,0.2154
15.47,1336608.0,0.3294,0.1752,0.2155
15.48,1337472.0,0.3295,0.1752,0.2156
15.49,1338336.0,0.3296,0.1753,0.2157
15.50,1339200.0,0.3298,0.1753,0.2157
15.51,1340064.0,0.3299,0.1754,0.2158
15.52,1340928.0,0.3300,0.1755,0.2159
15.53,1341792.0,0.3301,0.1755,0.2160
15.54,1342656.0,0.3302,0.1756,0.2161
15.55,1343520.0,0.3303,0.1756,0.2162
15.56,1344384.0,0.3304,0.1757,0.2163
15.57,1345248.0,0.3305,0.1757,0.2163
15.58,1346112.0,0.3306,0.1758,0.2164
15.59,1346976.0,0.3307,0.1759,0.2165
15.60,1347840.0,0.3308,0.1759,0.2166
15.61,1348704.0,0.3309,0.1760,0.2167
15.62,1349568.0,0.3310,0.1760,0.2168
15.63,1350432.0,0.3311,0.1761,0.2169
15.64,1351296.0,0.3312,0.1761,0.2170
15.65,1352160.0,0.3313,0.1762,0.2170
15.66,1353024.0,0.3315,0.1763,0.2171
15.67,1353888.0,0.3316,0.1763,0.2172
15.68,1354752.0,0.3317,0.1764,0.2173
15.69,1355616.0,0.3318,0.1764,0.2174
15.70,1356480.0,0.3319,0.1765,0.2175
15.71,1357344.0,0.3320,0.1765,0.2176
15.72,1358208.0,0.3321,0.1766,0.2176
15.73,1359072.0,0.3322,0.1767,0.2177
15.74,1359936.0,0.3323,0.1767,0.2178
15.75,1360800.0,0.3324,0.1768,0.2179
15.76,1361664.0,0.3325,0.1768,0.2180
15.77,1362528.0,0.3326,0.1769,0.2181
15.78,1363392.0,0.3327,0.1770,0.2182
15.79,1364256.0,0.3328,0.1770,0.2183
15.80,1365120.0,0.3329,0.1771,0.2183
15.81,1365984.0,0.3330,0.1771,0.2184
15.82,1366848.0,0.3331,0.1772,0.2185
15.83,1367712.0,0.3332,0.1772,0.2186
15.84,1368576.0,0.3334,0.1773,0.2187
15.85,1369440.0,0.3335,0.1774,0.2188
15.86,1370304.0,0.3336,0.1774,0.2189
15.87,1371168.0,0.3337,0.1775,0.2189
15.88,1372032.0,0.3338,0.1775,0.2190
15.89,1372896.0,0.3339,0.1776,0.2191
15.90,1373760.0,0.3340,0.1776,0.2192
15.91,1374624.0,0.3341,0.1777,0.2193
15.92,1375488.0,0.3342,0.1778,0.2194
15.93,1376352.0,0.3343,0.1778,0.2195
15.94,1377216.0,0.3344,0.1779,0.2196
15.95,1378080.0,0.3345,0.1779,0.2196
15.96,1378944.0,0.3346,0.1780,0.2197
15.97,1379808.0,0.3347,0.1780,0.2198
15.98,1380672.0,0.3348,0.1781,0.2199
15.99,1381536.0,0.3349,0.1781,0.2200
16.00,1382400.0,0.3350,0.1782,0.2201
16.01,1383264.0,0.3351,0.1783,0.2202
16.02,1384128.0,0.3352,0.1783,0.2202
16.03,1384992.0,0.3353,0.1784,0.2203
16.04,1385856.0,0.3354,0.1784,0.2204
16.05,1386720.0,0.3356,0.1785,0.2205
16.06,1387584.0,0.3357,0.1785,0.2206
16.07,1388448.0,0.3358,0.1786,0.2207
16.08,1389312.0,0.3359,0.1787,0.2208
16.09,1390176.0,0.3360,0.1787,0.2208
16.10,1391040.0,0.3361,0.1788,0.2209
16.11,1391904.0,0.3362,0.1788,0.2210
16.12,1392768.0,0.3363,0.1789,0.2211
16.13,1393632.0,0.3364,0.1789,0.2212
16.14,1394496.0,0.3365,0.1790,0.2213
16.15,1395360.0,0.3366,0.1791,0.2214
16.16,1396224.0,0.3367,0.1791,0.2214
16.17,1397088.0,0.3368,0.1792,0.2215
16.18,1397952.0,0.3369,0.1792,0.2216
16.19,1398816.0,0.3370,0.1793,0.2217
16.20,1399680.0,0.3371,0.1793,0.2218
16.21,1400544.0,0.3372,0.1794,0.2219
16.22,1401408.0,0.3373,0.1795,0.2220
16.23,1402272.0,0.3374,0.1795,0.2220
16.24,1403136.0,0.3375,0.1796,0.2221
16.25,1404000.0,0.3376,0.1796,0.2222
16.26,1404864.0,0.3377,0.1797,0.2223
16.27,1405728.0,0.3378,0.1797,0.2224
16.28,1406592.0,0.3379,0.1798,0.2225
16.29,1407456.0,0.3381,0.1798,0.2226
16.30,1408320.0,0.3382,0.1799,0.2227
16.31,1409184.0,0.3383,0.1800,0.2227
16.32,1410048.0,0.3384,0.1800,0.2228
16.33,1410912.0,0.3385,0.1801,0.2229
16.34,1411776.0,0.3386,0.1801,0.2230
16.35,1412640.0,0.3387,0.1802,0.2231
16.36,1413504.0,0.3388,0.1802,0.2232
16.37,1414368.0,0.3389,0.1803,0.2233
16.38,1415232.0,0.3390,0.1804,0.2233
16.39,1416096.0,0.3391,0.1804,0.2234
16.40,1416960.0,0.3392,0.1805,0.2235
16.41,1417824.0,0.3393,0.1805,0.2236
16.42,1418688.0,0.3394,0.1806,0.2237
16.43,1419552.0,0.3395,0.1806,0.2238
16.44,1420416.0,0.3396,0.1807,0.2239
16.45,1421280.0,0.3397,0.1807,0.2239
16.46,1422144.0,0.3398,0.1808,0.2240
16.47,1423008.0,0.3399,0.1809,0.2241
16.48,1423872.0,0.3400,0.1809,0.2242
16.49,1424736.0,0.3401,0.1810,0.2243
16.50,1425600.0,0.3402,0.1810,0.2244
16.51,1426464.0,0.3403,0.1811,0.2244
16.52,1427328.0,0.3404,0.1811,0.2245
16.53,1428192.0,0.3405,0.1812,0.2246
16.54,1429056.0,0.3406,0.1813,0.2247
16.55,1429920.0,0.3407,0.1813,0.2248
16.56,1430784.0,0.3408,0.1814,0.2249
16.57,1431648.0,0.3409,0.1814,0.2250
16.58,1432512.0,0.3410,0.1815,0.2250
16.59,1433376.0,0.3412,0.1815,0.2251
16.60,1434240.0,0.3413,0.1816,0.2252
16.61,1435104.0,0.3414,0.1816,0.2253
16.62,1435968.0,0.3415,0.1817,0.2254
16.63,1436832.0,0.3416,0.1818,0.2255
16.64,1437696.0,0.3417,0.1818,0.2256
16.65,1438560.0,0.3418,0.1819,0.2256
16.66,1439424.0,0.3419,0.1819,0.2257
16.67,1440288.0,0.3420,0.1820,0.2258
16.68,1441152.0,0.3421,0.1820,0.2259
16.69,1442016.0,0.3422,0.1821,0.2260
16.70,1442880.0,0.3423,0.1821,0.2261
16.71,1443744.0,0.3424,0.1822,0.2262
16.72,1444608.0,0.3425,0.1823,0.2262
16.73,1445472.0,0.3426,0.1823,0.2263
16.74,1446336.0,0.3427,0.1824,0.2264
16.75,1447200.0,0.3428,0.1824,0.2265
16.76,1448064.0,0.3429,0.1825,0.2266
16.77,1448928.0,0.3430,0.1825,0.2267
16.78,1449792.0,0.3431,0.1826,0.2268
16.79,1450656.0,0.3432,0.1826,0.2268
16.80,1451520.0,0.3433,0.1827,0.2269
16.81,1452384.0,0.3434,0.1828,0.2270
16.82,1453248.0,0.3435,0.1828,0.2271
16.83,1454112.0,0.3436,0.1829,0.2272
16.84,1454976.0,0.3437,0.1829,0.2273
16.85,1455840.0,0.3438,0.1830,0.2274
16.86,1456704.0,0.3439,0.1830,0.2274
16.87,1457568.0,0.3440,0.1831,0.2275
16.88,1458432.0,0.3441,0.1831,0.2276
16.89,1459296.0,0.3442,0.1832,0.2277
16.90,1460160.0,0.3443,0.1833,0.2278
16.91,1461024.0,0.3444,0.1833,0.2279
16.92,1461888.0,0.3445,0.1834,0.2279
16.93,1462752.0,0.3446,0.1834,0.2280
16.94,1463616.0,0.3447,0.1835,0.2281
16.95,1464480.0,0.3448,0.1835,0.2282
16.96,1465344.0,0.3449,0.1836,0.2283
16.97,1466208.0,0.3450,0.1836,0.2284
16.98,1467072.0,0.3451,0.1837,0.2285
16.99,1467936.0,0.3452,0.1838,0.2285
17.00,1468800.0,0.3453,0.1838,0.2286
17.01,1469664.0,0.3454,0.1839,0.2287
17.02,1470528.0,0.3455,0.1839,0.2288
17.03,1471392.0,0.3456,0.1840,0.2289
17.04,1472256.0,0.3457,0.1840,0.2290
17.05,1473120.0,0.3458,0.1841,0.2291
17.06,1473984.0,0.3460,0.1841,0.2291
17.07,1474848.0,0.3461,0.1842,0.2292
17.08,1475712.0,0.3462,0.1843,0.2293
17.09,1476576.0,0.3463,0.1843,0.2294
17.10,1477440.0,0.3464,0.1844,0.2295
17.11,1478304.0,0.3465,0.1844,0.2296
17.12,1479168.0,0.3466,0.1845,0.2296
17.13,1480032.0,0.3467,0.1845,0.2297
17.14,1480896.0,0.3468,0.1846,0.2298
17.15,1481760.0,0.3469,0.1846,0.2299
17.16,1482624.0,0.3470,0.1847,0.2300
17.17,1483488.0,0.3471,0.1847,0.2301
17.18,1484352.0,0.3472,0.1848,0.2302
17.19,1485216.0,0.3473,0.1849,0.2302
17.20,1486080.0,0.3474,0.1849,0.2303
17.21,1486944.0,0.3475,0.1850,0.2304
17.22,1487808.0,0.3476,0.1850,0.2305
17.23,1488672.0,0.3477,0.1851,0.2306
17.24,1489536.0,0.3478,0.1851,0.2307
17.25,1490400.0,0.3479,0.1852,0.2307
17.26,1491264.0,0.3480,0.1852,0.2308
17.27,1492128.0,0.3481,0.1853,0.2309
17.28,1492992.0,0.3482,0.1854,0.2310
17.29,1493856.0,0.3483,0.1854,0.2311
17.30,1494720.0,0.3484,0.1855,0.2312
17.31,1495584.0,0.3485,0.1855,0.2313
17.32,1496448.0,0.3486,0.1856,0.2313
17.33,1497312.0,0.3487,0.1856,0.2314
17.34,1498176.0,0.3488,0.1857,0.2315
17.35,1499040.0,0.3489,0.1857,0.2316
17.36,1499904.0,0.3490,0.1858,0.2317
17.37,1500768.0,0.3491,0.1858,0.2318
17.38,1501632.0,0.3492,0.1859,0.2318
17.39,1502496.0,0.3493,0.1860,0.2319
17.40,1503360.0,0.3494,0.1860,0.2320
17.41,1504224.0,0.3495,0.1861,0.2321
17.42,1505088.0,0.3496,0.1861,0.2322
17.43,1505952.0,0.3497,0.1862,0.2323
17.44,1506816.0,0.3498,0.1862,0.2324
17.45,1507680.0,0.3499,0.1863,0.2324
17.46,1508544.0,0.3500,0.1863,0.2325
17.47,1509408.0,0.3501,0.1864,0.2326
17.48,1510272.0,0.3502,0.1864,0.2327
17.49,1511136.0,0.3503,0.1865,0.2328
17.50,1512000.0,0.3504,0.1866,0.2329
17.51,1512864.0,0.3505,0.1866,0.2329
17.52,1513728.0,0.3506,0.1867,0.2330
17.53,1514592.0,0.3507,0.1867,0.2331
17.54,1515456.0,0.3508,0.1868,0.2332
17.55,1516320.0,0.3509,0.1868,0.2333
17.56,1517184.0,0.3510,0.1869,0.2334
17.57,1518048.0,0.3511,0.1869,0.2334
17.58,1518912.0,0.3512,0.1870,0.2335
17.59,1519776.0,0.3513,0.1870,0.2336
17.60,1520640.0,0.3514,0.1871,0.2337
17.61,1521504.0,0.3515,0.1872,0.2338
17.62,1522368.0,0.3516,0.1872,0.2339
17.63,1523232.0,0.3517,0.1873,0.2340
17.64,1524096.0,0.3518,0.1873,0.2340
17.65,1524960.0,0.3519,0.1874,0.2341
17.66,1525824.0,0.3520,0.1874,0.2342
17.67,1526688.0,0.3521,0.1875,0.2343
17.68,1527552.0,0.3522,0.1875,0.2344
17.69,1528416.0,0.3523,0.1876,0.2345
17.70,1529280.0,0.3524,0.1876,0.2345
17.71,1530144.0,0.3525,0.1877,0.2346
17.72,1531008.0,0.3526,0.1878,0.2347
17.73,1531872.0,0.3527,0.1878,0.2348
17.74,1532736.0,0.3528,0.1879,0.2349
17.75,1533600.0,0.3529,0.1879,0.2350
17.76,1534464.0,0.3530,0.1880,0.2350
17.77,1535328.0,0.3531,0.1880,0.2351
17.78,1536192.0,0.3532,0.1881,0.2352
17.79,1537056.0,0.3533,0.1881,0.2353
17.80,1537920.0,0.3534,0.1882,0.2354
17.81,1538784.0,0.3535,0.1882,0.2355
17.82,1539648.0,0.3536,0.1883,0.2356
17.83,1540512.0,0.3537,0.1883,0.2356
17.84,1541376.0,0.3538,0.1884,0.2357
17.85,1542240.0,0.3539,0.1885,0.2358
17.86,1543104.0,0.3540,0.1885,0.2359
17.87,1543968.0,0.3541,0.1886,0.2360
17.88,1544832.0,0.3542,0.1886,0.2361
17.89,1545696.0,0.3543,0.1887,0.2361
17.90,1546560.0,0.3544,0.1887,0.2362
17.91,1547424.0,0.3545,0.1888,0.2363
17.92,1548288.0,0.3546,0.1888,0.2364
17.93,1549152.0,0.3547,0.1889,0.2365
17.94,1550016.0,0.3548,0.1889,0.2366
17.95,1550880.0,0.3549,0.1890,0.2366
17.96,1551744.0,0.3550,0.1890,0.2367
17.97,1552608.0,0.3551,0.1891,0.2368
17.98,1553472.0,0.3552,0.1892,0.2369
17.99,1554336.0,0.3553,0.1892,0.2370
18.00,1555200.0,0.3554,0.1893,0.2371
18.01,1556064.0,0.3555,0.1893,0.2371
18.02,1556928.0,0.3556,0.1894,0.2372
18.03,1557792.0,0.3556,0.1894,0.2373
18.04,1558656.0,0.3557,0.1895,0.2374
18.05,1559520.0,0.3558,0.1895,0.2375
18.06,1560384.0,0.3559,0.1896,0.2376
18.07,1561248.0,0.3560,0.1896,0.2376
18.08,1562112.0,0.3561,0.1897,0.2377
18.09,1562976.0,0.3562,0.1897,0.2378
18.10,1563840.0,0.3563,0.1898,0.2379
18.11,1564704.0,0.3564,0.1899,0.2380
18.12,1565568.0,0.3565,0.1899,0.2381
18.13,1566432.0,0.3566,0.1900,0.2381
18.14,1567296.0,0.3567,0.1900,0.2382
18.15,1568160.0,0.3568,0.1901,0.2383
18.16,1569024.0,0.3569,0.1901,0.2384
18.17,1569888.0,0.3570,0.1902,0.2385
18.18,1570752.0,0.3571,0.1902,0.2386
18.19,1571616.0,0.3572,0.1903,0.2386
18.20,1572480.0,0.3573,0.1903,0.2387
18.21,1573344.0,0.3574,0.1904,0.2388
18.22,1574208.0,0.3575,0.1904,0.2389
18.23,1575072.0,0.3576,0.1905,0.2390
18.24,1575936.0,0.3577,0.1905,0.2391
18.25,1576800.0,0.3578,0.1906,0.2392
18.26,1577664.0,0.3579,0.1907,0.2392
18.27,1578528.0,0.3580,0.1907,0.2393
18.28,1579392.0,0.3581,0.1908,0.2394
18.29,1580256.0,0.3582,0.1908,0.2395
18.30,1581120.0,0.3583,0.1909,0.2396
18.31,1581984.0,0.3584,0.1909,0.2397
18.32,1582848.0,0.3585,0.1910,0.2397
18.33,1583712.0,0.3586,0.1910,0.2398
18.34,1584576.0,0.3587,0.1911,0.2399
18.35,1585440.0,0.3588,0.1911,0.2400
18.36,1586304.0,0.3589,0.1912,0.2401
18.37,1587168.0,0.3590,0.1912,0.2402
18.38,1588032.0,0.3591,0.1913,0.2402
18.39,1588896.0,0.3592,0.1913,0.2403
18.40,1589760.0,0.3593,0.1914,0.2404
18.41,1590624.0,0.3594,0.1915,0.2405
18.42,1591488.0,0.3595,0.1915,0.2406
18.43,1592352.0,0.3596,0.1916,0.2407
18.44,1593216.0,0.3597,0.1916,0.2407
18.45,1594080.0,0.3598,0.1917,0.2408
18.46,1594944.0,0.3599,0.1917,0.2409
18.47,1595808.0,0.3600,0.1918,0.2410
18.48,1596672.0,0.3601,0.1918,0.2411
18.49,1597536.0,0.3602,0.1919,0.2412
18.50,1598400.0,0.3603,0.1919,0.2412
18.51,1599264.0,0.3604,0.1920,0.2413
18.52,1600128.0,0.3604,0.1920,0.2414
18.53,1600992.0,0.3605,0.1921,0.2415
18.54,1601856.0,0.3606,0.1921,0.2416
18.55,1602720.0,0.3607,0.1922,0.2417
18.56,1603584.0,0.3608,0.1923,0.2417
18.57,1604448.0,0.3609,0.1923,0.2418
18.58,1605312.0,0.3610,0.1924,0.2419
18.59,1606176.0,0.3611,0.1924,0.2420
18.60,1607040.0,0.3612,0.1925,0.2421
18.61,1607904.0,0.3613,0.1925,0.2421
18.62,1608768.0,0.3614,0.1926,0.2422
18.63,1609632.0,0.3615,0.1926,0.2423
18.64,1610496.0,0.3616,0.1927,0.2424
18.65,1611360.0,0.3617,0.1927,0.2425
18.66,1612224.0,0.3618,0.1928,0.2426
18.67,1613088.0,0.3619,0.1928,0.2426
18.68,1613952.0,0.3620,0.1929,0.2427
18.69,1614816.0,0.3621,0.1929,0.2428
18.70,1615680.0,0.3622,0.1930,0.2429
18.71,1616544.0,0.3623,0.1930,0.2430
18.72,1617408.0,0.3624,0.1931,0.2431
18.73,1618272.0,0.3625,0.1931,0.2431
18.74,1619136.0,0.3626,0.1932,0.2432
18.75,1620000.0,0.3627,0.1933,0.2433
18.76,1620864.0,0.3628,0.1933,0.2434
18.77,1621728.0,0.3629,0.1934,0.2435
18.78,1622592.0,0.3630,0.1934,0.2436
18.79,1623456.0,0.3631,0.1935,0.2436
18.80,1624320.0,0.3632,0.1935,0.2437
18.81,1625184.0,0.3633,0.1936,0.2438
18.82,1626048.0,0.3634,0.1936,0.2439
18.83,1626912.0,0.3635,0.1937,0.2440
18.84,1627776.0,0.3636,0.1937,0.2441
18.85,1628640.0,0.3636,0.1938,0.2441
18.86,1629504.0,0.3637,0.1938,0.2442
18.87,1630368.0,0.3638,0.1939,0.2443
18.88,1631232.0,0.3639,0.1939,0.2444
18.89,1632096.0,0.3640,0.1940,0.2445
18.90,1632960.0,0.3641,0.1940,0.2446
18.91,1633824.0,0.3642,0.1941,0.2446
18.92,1634688.0,0.3643,0.1941,0.2447
18.93,1635552.0,0.3644,0.1942,0.2448
18.94,1636416.0,0.3645,0.1943,0.2449
18.95,1637280.0,0.3646,0.1943,0.2450
18.96,1638144.0,0.3647,0.1944,0.2451
18.97,1639008.0,0.3648,0.1944,0.2451
18.98,1639872.0,0.3649,0.1945,0.2452
18.99,1640736.0,0.3650,0.1945,0.2453
19.00,1641600.0,0.3651,0.1946,0.2454
19.01,1642464.0,0.3652,0.1946,0.2455
19.02,1643328.0,0.3653,0.1947,0.2455
19.03,1644192.0,0.3654,0.1947,0.2456
19.04,1645056.0,0.3655,0.1948,0.2457
19.05,1645920.0,0.3656,0.1948,0.2458
19.06,1646784.0,0.3657,0.1949,0.2459
19.07,1647648.0,0.3658,0.1949,0.2460
19.08,1648512.0,0.3659,0.1950,0.2460
19.09,1649376.0,0.3660,0.1950,0.2461
19.10,1650240.0,0.3661,0.1951,0.2462
19.11,1651104.0,0.3661,0.1951,0.2463
19.12,1651968.0,0.3662,0.1952,0.2464
19.13,1652832.0,0.3663,0.1952,0.2465
19.14,1653696.0,0.3664,0.1953,0.2465
19.15,1654560.0,0.3665,0.1954,0.2466
19.16,1655424.0,0.3666,0.1954,0.2467
19.17,1656288.0,0.3667,0.1955,0.2468
19.18,1657152.0,0.3668,0.1955,0.2469
19.19,1658016.0,0.3669,0.1956,0.2470
19.20,1658880.0,0.3670,0.1956,0.2470
19.21,1659744.0,0.3671,0.1957,0.2471
19.22,1660608.0,0.3672,0.1957,0.2472
19.23,1661472.0,0.3673,0.1958,0.2473
19.24,1662336.0,0.3674,0.1958,0.2474
19.25,1663200.0,0.3675,0.1959,0.2474
19.26,1664064.0,0.3676,0.1959,0.2475
19.27,1664928.0,0.3677,0.1960,0.2476
19.28,1665792.0,0.3678,0.1960,0.2477
19.29,1666656.0,0.3679,0.1961,0.2478
19.30,1667520.0,0.3680,0.1961,0.2479
19.31,1668384.0,0.3681,0.1962,0.2479
19.32,1669248.0,0.3682,0.1962,0.2480
19.33,1670112.0,0.3682,0.1963,0.2481
19.34,1670976.0,0.3683,0.1963,0.2482
19.35,1671840.0,0.3684,0.1964,0.2483
19.36,1672704.0,0.3685,0.1964,0.2484
19.37,1673568.0,0.3686,0.1965,0.2484
19.38,1674432.0,0.3687,0.1966,0.2485
19.39,1675296.0,0.3688,0.1966,0.2486
19.40,1676160.0,0.3689,0.1967,0.2487
19.41,1677024.0,0.3690,0.1967,0.2488
19.42,1677888.0,0.3691,0.1968,0.2488
19.43,1678752.0,0.3692,0.1968,0.2489
19.44,1679616.0,0.3693,0.1969,0.2490
19.45,1680480.0,0.3694,0.1969,0.2491
19.46,1681344.0,0.3695,0.1970,0.2492
19.47,1682208.0,0.3696,0.1970,0.2493
19.48,1683072.0,0.3697,0.1971,0.2493
19.49,1683936.0,0.3698,0.1971,0.2494
19.50,1684800.0,0.3699,0.1972,0.2495
19.51,1685664.0,0.3700,0.1972,0.2496
19.52,1686528.0,0.3701,0.1973,0.2497
19.53,1687392.0,0.3701,0.1973,0.2498
19.54,1688256.0,0.3702,0.1974,0.2498
19.55,1689120.0,0.3703,0.1974,0.2499
19.56,1689984.0,0.3704,0.1975,0.2500
19.57,1690848.0,0.3705,0.1975,0.2501
19.58,1691712.0,0.3706,0.1976,0.2502
19.59,1692576.0,0.3707,0.1976,0.2502
19.60,1693440.0,0.3708,0.1977,0.2503
19.61,1694304.0,0.3709,0.1977,0.2504
19.62,1695168.0,0.3710,0.1978,0.2505
19.63,1696032.0,0.3711,0.1978,0.2506
19.64,1696896.0,0.3712,0.1979,0.2507
19.65,1697760.0,0.3713,0.1979,0.2507
19.66,1698624.0,0.3714,0.1980,0.2508
19.67,1699488.0,0.3715,0.1981,0.2509
19.68,1700352.0,0.3716,0.1981,0.2510
19.69,1701216.0,0.3717,0.1982,0.2511
19.70,1702080.0,0.3718,0.1982,0.2511
19.71,1702944.0,0.3718,0.1983,0.2512
19.72,1703808.0,0.3719,0.1983,0.2513
19.73,1704672.0,0.3720,0.1984,0.2514
19.74,1705536.0,0.3721,0.1984,0.2515
19.75,1706400.0,0.3722,0.1985,0.2516
19.76,1707264.0,0.3723,0.1985,0.2516
19.77,1708128.0,0.3724,0.1986,0.2517
19.78,1708992.0,0.3725,0.1986,0.2518
19.79,1709856.0,0.3726,0.1987,0.2519
19.80,1710720.0,0.3727,0.1987,0.2520
19.81,1711584.0,0.3728,0.1988,0.2520
19.82,1712448.0,0.3729,0.1988,0.2521
19.83,1713312.0,0.3730,0.1989,0.2522
19.84,1714176.0,0.3731,0.1989,0.2523
19.85,1715040.0,0.3732,0.1990,0.2524
19.86,1715904.0,0.3733,0.1990,0.2525
19.87,1716768.0,0.3734,0.1991,0.2525
19.88,1717632.0,0.3735,0.1991,0.2526
19.89,1718496.0,0.3735,0.1992,0.2527
19.90,1719360.0,0.3736,0.1992,0.2528
19.91,1720224.0,0.3737,0.1993,0.2529
19.92,1721088.0,0.3738,0.1993,0.2529
19.93,1721952.0,0.3739,0.1994,0.2530
19.94,1722816.0,0.3740,0.1994,0.2531
19.95,1723680.0,0.3741,0.1995,0.2532
19.96,1724544.0,0.3742,0.1995,0.2533
19.97,1725408.0,0.3743,0.1996,0.2534
19.98,1726272.0,0.3744,0.1996,0.2534
19.99,1727136.0,0.3745,0.1997,0.2535
20.00,1728000.0,0.3746,0.1997,0.2536
