#,dates,pressure_differential_m,temperature_stream_C,
1,18/05/2017 12:45:00,0.251232732,14.913,
2,18/05/2017 13:00:00,0.251210825,14.922,
3,18/05/2017 13:15:00,0.251181616,14.934,
4,18/05/2017 13:30:00,0.251167012,14.94,
5,18/05/2017 13:45:00,0.251132935,14.954,
6,18/05/2017 14:00:00,0.251210825,14.922,
7,18/05/2017 14:15:00,0.25094551,15.031,
8,18/05/2017 14:30:00,0.250794598,15.093,
9,18/05/2017 14:45:00,0.250755652,15.109,
10,18/05/2017 15:00:00,0.249884384,15.16,
11,18/05/2017 15:15:00,0.24483298,15.221,
12,18/05/2017 15:30:00,0.23904539,15.29,
13,18/05/2017 15:45:00,0.234384173,15.343,
14,18/05/2017 16:00:00,0.230120498,15.417,
15,18/05/2017 16:15:00,0.226003509,15.494,
16,18/05/2017 16:30:00,0.222191922,15.558,
17,18/05/2017 16:45:00,0.216156674,15.603,
18,18/05/2017 17:00:00,0.2123819,15.655,
19,18/05/2017 17:15:00,0.208961191,15.699,
20,18/05/2017 17:30:00,0.205749426,15.779,
21,18/05/2017 17:45:00,0.202021806,15.821,
22,18/05/2017 18:00:00,0.198929701,15.837,
23,18/05/2017 18:15:00,0.194658242,15.84,
24,18/05/2017 18:30:00,0.191024468,15.87,
25,18/05/2017 18:45:00,0.188042253,15.876,
26,18/05/2017 19:00:00,0.183597404,15.894,
27,18/05/2017 19:15:00,0.203541015,15.924,
28,18/05/2017 19:30:00,0.196347102,16.734,
29,18/05/2017 19:45:00,0.1800131,16.088,
30,18/05/2017 20:00:00,0.174685683,15.661,
31,18/05/2017 20:15:00,0.16852464,15.621,
32,18/05/2017 20:30:00,0.163175844,15.548,
33,18/05/2017 20:45:00,0.157667443,15.457,
34,18/05/2017 21:00:00,0.15469061,15.378,
35,18/05/2017 21:15:00,0.150398679,15.291,
36,18/05/2017 21:30:00,0.145321064,15.205,
37,18/05/2017 21:45:00,0.141638391,15.127,
38,18/05/2017 22:00:00,0.138110453,15.069,
39,18/05/2017 22:15:00,0.134753686,15.018,
40,18/05/2017 22:30:00,0.132273927,14.973,
41,18/05/2017 22:45:00,0.129177308,14.919,
42,18/05/2017 23:00:00,0.125863963,14.865,
43,18/05/2017 23:15:00,0.122738684,14.797,
44,18/05/2017 23:30:00,0.118909325,14.716,
45,18/05/2017 23:45:00,0.11498324,14.631,
46,19/05/2017 00:00:00,0.111481561,14.538,
47,19/05/2017 00:15:00,0.108233635,14.454,
48,19/05/2017 00:30:00,0.104058666,14.358,
49,19/05/2017 00:45:00,0.099966368,14.246,
50,19/05/2017 01:00:00,0.097790659,14.162,
51,19/05/2017 01:15:00,0.093804415,14.09,
52,19/05/2017 01:30:00,0.090779735,14.033,
53,19/05/2017 01:45:00,0.088108285,13.966,
54,19/05/2017 02:00:00,0.085751015,13.948,
55,19/05/2017 02:15:00,0.083819448,13.916,
56,19/05/2017 02:30:00,0.081275052,13.871,
57,19/05/2017 02:45:00,0.078266789,13.826,
58,19/05/2017 03:00:00,0.075577394,13.757,
59,19/05/2017 03:15:00,0.072722533,13.681,
60,19/05/2017 03:30:00,0.070137929,13.608,
61,19/05/2017 03:45:00,0.066718744,13.535,
62,19/05/2017 04:00:00,0.063979317,13.46,
63,19/05/2017 04:15:00,0.061387641,13.386,
64,19/05/2017 04:30:00,0.058721362,13.32,
65,19/05/2017 04:45:00,0.056821224,13.254,
66,19/05/2017 05:00:00,0.054384053,13.204,
67,19/05/2017 05:15:00,0.052669601,13.157,
68,19/05/2017 05:30:00,0.049402328,13.12,
69,19/05/2017 05:45:00,0.048431737,13.072,
70,19/05/2017 06:00:00,0.046441928,13.028,
71,19/05/2017 06:15:00,0.043869709,12.971,
72,19/05/2017 06:30:00,0.042152822,12.925,
73,19/05/2017 06:45:00,0.040914479,12.88,
74,19/05/2017 07:00:00,0.038761709,12.835,
75,19/05/2017 07:15:00,0.037550888,12.799,
76,19/05/2017 07:30:00,0.036434429,12.775,
77,19/05/2017 07:45:00,0.035700552,12.743,
78,19/05/2017 08:00:00,0.033856045,12.726,
79,19/05/2017 08:15:00,0.032970915,12.696,
80,19/05/2017 08:30:00,0.031767396,12.657,
81,19/05/2017 08:45:00,0.031195468,12.66,
82,19/05/2017 09:00:00,0.030238223,12.669,
83,19/05/2017 09:15:00,0.028925044,12.636,
84,19/05/2017 09:30:00,0.028002656,12.601,
85,19/05/2017 09:45:00,0.02718268,12.595,
86,19/05/2017 10:00:00,0.026612494,12.609,
87,19/05/2017 10:15:00,0.026931097,12.639,
88,19/05/2017 10:30:00,0.026925964,12.695,
89,19/05/2017 10:45:00,0.027350194,12.723,
90,19/05/2017 11:00:00,0.026983211,12.716,
91,19/05/2017 11:15:00,0.026490916,12.698,
92,19/05/2017 11:30:00,0.026111158,12.69,
93,19/05/2017 11:45:00,0.025915346,12.69,
94,19/05/2017 12:00:00,0.024967836,12.695,
95,19/05/2017 12:15:00,0.024900907,12.71,
96,19/05/2017 12:30:00,0.025197906,12.752,
97,19/05/2017 12:45:00,0.025872228,12.803,
98,19/05/2017 13:00:00,0.027063098,12.88,
99,19/05/2017 13:15:00,0.028000661,12.965,
100,19/05/2017 13:30:00,0.029013751,13.026,
101,19/05/2017 13:45:00,0.029227173,13.075,
102,19/05/2017 14:00:00,0.030402478,13.117,
103,19/05/2017 14:15:00,0.031242799,13.174,
104,19/05/2017 14:30:00,0.030646283,13.216,
105,19/05/2017 14:45:00,0.030718651,13.255,
106,19/05/2017 15:00:00,0.030720606,13.287,
107,19/05/2017 15:15:00,0.030579908,13.312,
108,19/05/2017 15:30:00,0.03094428,13.356,
109,19/05/2017 15:45:00,0.031306218,13.401,
110,19/05/2017 16:00:00,0.031580102,13.44,
111,19/05/2017 16:15:00,0.033137564,13.539,
112,19/05/2017 16:30:00,0.034517814,13.571,
113,19/05/2017 16:45:00,0.034168352,13.631,
114,19/05/2017 17:00:00,0.035217828,13.638,
115,19/05/2017 17:15:00,0.033490408,13.651,
116,19/05/2017 17:30:00,0.03183807,13.623,
117,19/05/2017 17:45:00,0.031579664,13.637,
118,19/05/2017 18:00:00,0.031610224,13.651,
119,19/05/2017 18:15:00,0.030415039,13.657,
120,19/05/2017 18:30:00,0.030661099,13.684,
121,19/05/2017 18:45:00,0.030686098,13.712,
122,19/05/2017 19:00:00,0.030802279,13.733,
123,19/05/2017 19:15:00,0.030410351,13.73,
124,19/05/2017 19:30:00,0.03024405,13.721,
125,19/05/2017 19:45:00,0.029649699,13.709,
126,19/05/2017 20:00:00,0.028053472,13.697,
127,19/05/2017 20:15:00,0.027270611,13.682,
128,19/05/2017 20:30:00,0.026403942,13.678,
129,19/05/2017 20:45:00,0.025454389,13.669,
130,19/05/2017 21:00:00,0.024833742,13.635,
131,19/05/2017 21:15:00,0.023942695,13.584,
132,19/05/2017 21:30:00,0.022211595,13.529,
133,19/05/2017 21:45:00,0.021102917,13.469,
134,19/05/2017 22:00:00,0.0195588,13.427,
135,19/05/2017 22:15:00,0.01828604,13.336,
136,19/05/2017 22:30:00,0.017372608,13.327,
137,19/05/2017 22:45:00,0.016208815,13.242,
138,19/05/2017 23:00:00,0.014438413,13.168,
139,19/05/2017 23:15:00,0.012446027,13.111,
140,19/05/2017 23:30:00,0.010919784,13.064,
141,19/05/2017 23:45:00,0.009927286,13.025,
142,20/05/2017 00:00:00,0.008678905,12.981,
143,20/05/2017 00:15:00,0.007732567,12.941,
144,20/05/2017 00:30:00,0.006929805,12.892,
145,20/05/2017 00:45:00,0.00601177,12.831,
146,20/05/2017 01:00:00,0.005248079,12.805,
147,20/05/2017 01:15:00,0.003884637,12.77,
148,20/05/2017 01:30:00,0.00304476,12.73,
149,20/05/2017 01:45:00,0.002268153,12.689,
150,20/05/2017 02:00:00,0.001010819,12.726,
151,20/05/2017 02:15:00,-0.000300882,12.758,
152,20/05/2017 02:30:00,-0.000827469,12.733,
153,20/05/2017 02:45:00,-0.001039451,12.692,
154,20/05/2017 03:00:00,-0.001681526,12.634,
155,20/05/2017 03:15:00,-0.002447172,12.576,
156,20/05/2017 03:30:00,-0.003052735,12.503,
157,20/05/2017 03:45:00,-0.00387776,12.428,
158,20/05/2017 04:00:00,-0.004244087,12.352,
159,20/05/2017 04:15:00,-0.00538837,12.316,
160,20/05/2017 04:30:00,-0.006285884,12.27,
161,20/05/2017 04:45:00,-0.006965305,12.225,
162,20/05/2017 05:00:00,-0.007860083,12.181,
163,20/05/2017 05:15:00,-0.008714015,12.121,
164,20/05/2017 05:30:00,-0.009574413,12.066,
165,20/05/2017 05:45:00,-0.010133692,12.031,
166,20/05/2017 06:00:00,-0.010518141,11.989,
167,20/05/2017 06:15:00,-0.010677958,11.95,
168,20/05/2017 06:30:00,-0.011408621,11.887,
169,20/05/2017 06:45:00,-0.011597702,11.828,
170,20/05/2017 07:00:00,-0.011810591,11.778,
171,20/05/2017 07:15:00,-0.011341377,11.743,
172,20/05/2017 07:30:00,-0.011136965,11.734,
173,20/05/2017 07:45:00,-0.010802141,11.73,
174,20/05/2017 08:00:00,-0.010941668,11.71,
175,20/05/2017 08:15:00,-0.011139524,11.696,
176,20/05/2017 08:30:00,-0.011437216,11.666,
177,20/05/2017 08:45:00,-0.011283139,11.648,
178,20/05/2017 09:00:00,-0.010610629,11.681,
179,20/05/2017 09:15:00,-0.009193567,11.701,
180,20/05/2017 09:30:00,-0.008352552,11.746,
181,20/05/2017 09:45:00,-0.008677409,11.742,
182,20/05/2017 10:00:00,-0.009135023,11.716,
183,20/05/2017 10:15:00,-0.00864781,11.715,
184,20/05/2017 10:30:00,-0.006730843,11.86,
185,20/05/2017 10:45:00,-0.005450907,11.909,
186,20/05/2017 11:00:00,-0.004094608,11.936,
187,20/05/2017 11:15:00,-0.003434802,11.975,
188,20/05/2017 11:30:00,-0.003839983,12.004,
189,20/05/2017 11:45:00,-0.0019079,12.06,
190,20/05/2017 12:00:00,-0.001253566,12.095,
191,20/05/2017 12:15:00,-0.001073923,12.054,
192,20/05/2017 12:30:00,-0.001485323,12.059,
193,20/05/2017 12:45:00,-0.001213182,12.087,
194,20/05/2017 13:00:00,0.000279732,12.168,
195,20/05/2017 13:15:00,0.001619953,12.243,
196,20/05/2017 13:30:00,0.003828656,12.34,
197,20/05/2017 13:45:00,0.005410636,12.393,
198,20/05/2017 14:00:00,0.007271136,12.487,
199,20/05/2017 14:15:00,0.008961302,12.576,
200,20/05/2017 14:30:00,0.009299378,12.598,
201,20/05/2017 14:45:00,0.010621209,12.654,
202,20/05/2017 15:00:00,0.01162236,12.716,
203,20/05/2017 15:15:00,0.01304934,12.803,
204,20/05/2017 15:30:00,0.015125818,12.877,
205,20/05/2017 15:45:00,0.016134485,12.957,
206,20/05/2017 16:00:00,0.017920754,13.069,
207,20/05/2017 16:15:00,0.019586881,13.171,
208,20/05/2017 16:30:00,0.020291319,13.219,
209,20/05/2017 16:45:00,0.020863284,13.273,
210,20/05/2017 17:00:00,0.022384714,13.354,
211,20/05/2017 17:15:00,0.023034481,13.394,
212,20/05/2017 17:30:00,0.023689863,13.452,
213,20/05/2017 17:45:00,0.02382756,13.479,
214,20/05/2017 18:00:00,0.024808794,13.532,
215,20/05/2017 18:15:00,0.025533237,13.571,
216,20/05/2017 18:30:00,0.025386676,13.607,
217,20/05/2017 18:45:00,0.025597609,13.625,
218,20/05/2017 19:00:00,0.02584502,13.678,
219,20/05/2017 19:15:00,0.02592547,13.684,
220,20/05/2017 19:30:00,0.02495067,13.676,
221,20/05/2017 19:45:00,0.024045535,13.655,
222,20/05/2017 20:00:00,0.02347931,13.658,
223,20/05/2017 20:15:00,0.0230543,13.66,
224,20/05/2017 20:30:00,0.022683587,13.66,
225,20/05/2017 20:45:00,0.021835396,13.657,
226,20/05/2017 21:00:00,0.021331765,13.646,
227,20/05/2017 21:15:00,0.020506476,13.625,
228,20/05/2017 21:30:00,0.019395275,13.584,
229,20/05/2017 21:45:00,0.018481415,13.533,
230,20/05/2017 22:00:00,0.017134017,13.5,
231,20/05/2017 22:15:00,0.015641763,13.457,
232,20/05/2017 22:30:00,0.014512084,13.415,
233,20/05/2017 22:45:00,0.013482257,13.364,
234,20/05/2017 23:00:00,0.012161332,13.317,
235,20/05/2017 23:15:00,0.010900868,13.26,
236,20/05/2017 23:30:00,0.009738729,13.204,
237,20/05/2017 23:45:00,0.008332183,13.15,
238,21/05/2017 00:00:00,0.006793324,13.091,
239,21/05/2017 00:15:00,0.005772096,13.031,
240,21/05/2017 00:30:00,0.00435894,12.968,
241,21/05/2017 00:45:00,0.002674994,12.903,
242,21/05/2017 01:00:00,0.001367767,12.841,
243,21/05/2017 01:15:00,0.000173237,12.778,
244,21/05/2017 01:30:00,-0.001324935,12.714,
245,21/05/2017 01:45:00,-0.002831546,12.648,
246,21/05/2017 02:00:00,-0.004122037,12.576,
247,21/05/2017 02:15:00,-0.005140528,12.518,
248,21/05/2017 02:30:00,-0.006187608,12.453,
249,21/05/2017 02:45:00,-0.007400082,12.388,
250,21/05/2017 03:00:00,-0.008025118,12.323,
251,21/05/2017 03:15:00,-0.008791297,12.266,
252,21/05/2017 03:30:00,-0.00964196,12.207,
253,21/05/2017 03:45:00,-0.010418781,12.145,
254,21/05/2017 04:00:00,-0.011008087,12.095,
255,21/05/2017 04:15:00,-0.011694491,12.031,
256,21/05/2017 04:30:00,-0.012440362,11.968,
257,21/05/2017 04:45:00,-0.013051184,11.912,
258,21/05/2017 05:00:00,-0.013765803,11.851,
259,21/05/2017 05:15:00,-0.01469441,11.792,
260,21/05/2017 05:30:00,-0.015298534,11.727,
261,21/05/2017 05:45:00,-0.016236487,11.657,
262,21/05/2017 06:00:00,-0.016313546,11.584,
263,21/05/2017 06:15:00,-0.016177326,11.546,
264,21/05/2017 06:30:00,-0.016598286,11.519,
265,21/05/2017 06:45:00,-0.016630588,11.494,
266,21/05/2017 07:00:00,-0.016324582,11.487,
267,21/05/2017 07:15:00,-0.015889232,11.487,
268,21/05/2017 07:30:00,-0.015010321,11.493,
269,21/05/2017 07:45:00,-0.013734863,11.529,
270,21/05/2017 08:00:00,-0.012303053,11.557,
271,21/05/2017 08:15:00,-0.010721216,11.596,
272,21/05/2017 08:30:00,-0.009731757,11.63,
273,21/05/2017 08:45:00,-0.008311513,11.669,
274,21/05/2017 09:00:00,-0.006968076,11.713,
275,21/05/2017 09:15:00,-0.005573613,11.754,
276,21/05/2017 09:30:00,-0.004294814,11.798,
277,21/05/2017 09:45:00,-0.003267723,11.847,
278,21/05/2017 10:00:00,-0.002318648,11.889,
279,21/05/2017 10:15:00,-0.000509301,11.947,
280,21/05/2017 10:30:00,-0.000816213,11.945,
281,21/05/2017 10:45:00,-0.000816213,11.983,
282,21/05/2017 11:00:00,0.001047947,12.025,
283,21/05/2017 11:15:00,0.001273787,12.04,
284,21/05/2017 11:30:00,0.000773942,12.054,
285,21/05/2017 11:45:00,0.001273753,12.09,
286,21/05/2017 12:00:00,0.002699079,12.148,
287,21/05/2017 12:15:00,0.005341303,12.252,
288,21/05/2017 12:30:00,0.005866203,12.298,
289,21/05/2017 12:45:00,0.007905868,12.384,
290,21/05/2017 13:00:00,0.009247919,12.452,
291,21/05/2017 13:15:00,0.011025925,12.526,
292,21/05/2017 13:30:00,0.01346404,12.642,
293,21/05/2017 13:45:00,0.015052452,12.74,
294,21/05/2017 14:00:00,0.01780439,12.87,
295,21/05/2017 14:15:00,0.019255622,12.965,
296,21/05/2017 14:30:00,0.021864214,13.1,
297,21/05/2017 14:45:00,0.023467533,13.195,
298,21/05/2017 15:00:00,0.025115182,13.296,
299,21/05/2017 15:15:00,0.026544293,13.379,
300,21/05/2017 15:30:00,0.027666191,13.457,
301,21/05/2017 15:45:00,0.029210346,13.556,
302,21/05/2017 16:00:00,0.031528372,13.694,
303,21/05/2017 16:15:00,0.032810175,13.793,
304,21/05/2017 16:30:00,0.034558192,13.909,
305,21/05/2017 16:45:00,0.037084201,14.042,
306,21/05/2017 17:00:00,0.03858385,14.171,
307,21/05/2017 17:15:00,0.039460116,14.264,
308,21/05/2017 17:30:00,0.03999557,14.333,
309,21/05/2017 17:45:00,0.040999067,14.412,
310,21/05/2017 18:00:00,0.042647408,14.501,
311,21/05/2017 18:15:00,0.042698049,14.62,
312,21/05/2017 18:30:00,0.04355198,14.68,
313,21/05/2017 18:45:00,0.044319972,14.755,
314,21/05/2017 19:00:00,0.044316971,14.807,
315,21/05/2017 19:15:00,0.04437635,14.824,
316,21/05/2017 19:30:00,0.044069262,14.858,
317,21/05/2017 19:45:00,0.043191258,14.861,
318,21/05/2017 20:00:00,0.042079881,14.856,
319,21/05/2017 20:15:00,0.040733922,14.831,
320,21/05/2017 20:30:00,0.039403261,14.788,
321,21/05/2017 20:45:00,0.03764121,14.734,
322,21/05/2017 21:00:00,0.035756885,14.674,
323,21/05/2017 21:15:00,0.033933626,14.61,
324,21/05/2017 21:30:00,0.032222993,14.538,
325,21/05/2017 21:45:00,0.03054331,14.465,
326,21/05/2017 22:00:00,0.028477865,14.381,
327,21/05/2017 22:15:00,0.027011336,14.304,
328,21/05/2017 22:30:00,0.025057682,14.21,
329,21/05/2017 22:45:00,0.023740718,14.152,
330,21/05/2017 23:00:00,0.022289612,14.096,
331,21/05/2017 23:15:00,0.020520952,14.033,
332,21/05/2017 23:30:00,0.019079066,13.949,
333,21/05/2017 23:45:00,0.017876025,13.877,
334,22/05/2017 00:00:00,0.016223722,13.799,
335,22/05/2017 00:15:00,0.014661001,13.717,
336,22/05/2017 00:30:00,0.013301698,13.635,
337,22/05/2017 00:45:00,0.011920487,13.562,
338,22/05/2017 01:00:00,0.010439656,13.494,
339,22/05/2017 01:15:00,0.009159808,13.427,
340,22/05/2017 01:30:00,0.007882394,13.359,
341,22/05/2017 01:45:00,0.006716079,13.293,
342,22/05/2017 02:00:00,0.005371736,13.24,
343,22/05/2017 02:15:00,0.004275228,13.175,
344,22/05/2017 02:30:00,0.003298028,13.118,
345,22/05/2017 02:45:00,0.002159536,13.064,
346,22/05/2017 03:00:00,0.001349632,13.007,
347,22/05/2017 03:15:00,0.000362926,12.95,
348,22/05/2017 03:30:00,-0.000560813,12.889,
349,22/05/2017 03:45:00,-0.001210492,12.831,
350,22/05/2017 04:00:00,-0.001990742,12.779,
351,22/05/2017 04:15:00,-0.002745745,12.726,
352,22/05/2017 04:30:00,-0.003543639,12.675,
353,22/05/2017 04:45:00,-0.003745885,12.63,
354,22/05/2017 05:00:00,-0.004302339,12.579,
355,22/05/2017 05:15:00,-0.004878337,12.529,
356,22/05/2017 05:30:00,-0.005203852,12.487,
357,22/05/2017 05:45:00,-0.005553317,12.44,
358,22/05/2017 06:00:00,-0.005867657,12.402,
359,22/05/2017 06:15:00,-0.006085645,12.358,
360,22/05/2017 06:30:00,-0.006217479,12.32,
361,22/05/2017 06:45:00,-0.006215863,12.292,
362,22/05/2017 07:00:00,-0.006133797,12.27,
363,22/05/2017 07:15:00,-0.005753045,12.269,
364,22/05/2017 07:30:00,-0.004925321,12.289,
365,22/05/2017 07:45:00,-0.003869022,12.326,
366,22/05/2017 08:00:00,-0.002501849,12.354,
367,22/05/2017 08:15:00,-0.00130533,12.399,
368,22/05/2017 08:30:00,-0.000331222,12.419,
369,22/05/2017 08:45:00,0.001140956,12.464,
370,22/05/2017 09:00:00,0.002505606,12.511,
371,22/05/2017 09:15:00,0.003814449,12.545,
372,22/05/2017 09:30:00,0.004697359,12.597,
373,22/05/2017 09:45:00,0.005988169,12.647,
374,22/05/2017 10:00:00,0.007159742,12.696,
375,22/05/2017 10:15:00,0.00859397,12.748,
376,22/05/2017 10:30:00,0.009163589,12.785,
377,22/05/2017 10:45:00,0.010375157,12.841,
378,22/05/2017 11:00:00,0.011440803,12.889,
379,22/05/2017 11:15:00,0.012697997,12.945,
380,22/05/2017 11:30:00,0.013856796,12.993,
381,22/05/2017 11:45:00,0.01521171,13.044,
382,22/05/2017 12:00:00,0.016434828,13.114,
383,22/05/2017 12:15:00,0.017583802,13.184,
384,22/05/2017 12:30:00,0.019044859,13.257,
385,22/05/2017 12:45:00,0.02054925,13.345,
386,22/05/2017 13:00:00,0.022341168,13.425,
387,22/05/2017 13:15:00,0.023597972,13.496,
388,22/05/2017 13:30:00,0.024312591,13.557,
389,22/05/2017 13:45:00,0.025264011,13.616,
390,22/05/2017 14:00:00,0.026425672,13.705,
391,22/05/2017 14:15:00,0.028077195,13.813,
392,22/05/2017 14:30:00,0.029544684,13.931,
393,22/05/2017 14:45:00,0.031673117,14.093,
394,22/05/2017 15:00:00,0.033476639,14.219,
395,22/05/2017 15:15:00,0.035234908,14.355,
396,22/05/2017 15:30:00,0.037163743,14.492,
397,22/05/2017 15:45:00,0.038854034,14.62,
398,22/05/2017 16:00:00,0.040221848,14.711,
399,22/05/2017 16:15:00,0.041516569,14.825,
400,22/05/2017 16:30:00,0.042479236,14.895,
401,22/05/2017 16:45:00,0.043989155,15.019,
402,22/05/2017 17:00:00,0.044803872,15.042,
403,22/05/2017 17:15:00,0.045958319,15.116,
404,22/05/2017 17:30:00,0.046589273,15.202,
405,22/05/2017 17:45:00,0.047839824,15.299,
406,22/05/2017 18:00:00,0.048164025,15.372,
407,22/05/2017 18:15:00,0.047974734,15.399,
408,22/05/2017 18:30:00,0.047934139,15.493,
409,22/05/2017 18:45:00,0.047566898,15.754,
410,22/05/2017 19:00:00,0.047492097,15.716,
411,22/05/2017 19:15:00,0.047477879,15.6,
412,22/05/2017 19:30:00,0.046714797,15.687,
413,22/05/2017 19:45:00,0.045913247,15.757,
414,22/05/2017 20:00:00,0.044798781,15.822,
415,22/05/2017 20:15:00,0.043839366,15.778,
416,22/05/2017 20:30:00,0.043078975,15.596,
417,22/05/2017 20:45:00,0.041312488,15.693,
418,22/05/2017 21:00:00,0.040362683,15.606,
419,22/05/2017 21:15:00,0.039125478,15.566,
420,22/05/2017 21:30:00,0.038210996,15.534,
421,22/05/2017 21:45:00,0.037133785,15.497,
422,22/05/2017 22:00:00,0.036056271,15.457,
423,22/05/2017 22:15:00,0.035131537,15.405,
424,22/05/2017 22:30:00,0.034121095,15.364,
425,22/05/2017 22:45:00,0.032824955,15.324,
426,22/05/2017 23:00:00,0.032161578,15.281,
427,22/05/2017 23:15:00,0.031037691,15.221,
428,22/05/2017 23:30:00,0.029598063,15.172,
429,22/05/2017 23:45:00,0.028489989,15.118,
430,23/05/2017 00:00:00,0.027315377,15.064,
431,23/05/2017 00:15:00,0.025938946,15.007,
432,23/05/2017 00:30:00,0.024900378,14.951,
433,23/05/2017 00:45:00,0.023698546,14.891,
434,23/05/2017 01:00:00,0.022119231,14.833,
435,23/05/2017 01:15:00,0.021280508,14.773,
436,23/05/2017 01:30:00,0.019922254,14.714,
437,23/05/2017 01:45:00,0.019025734,14.659,
438,23/05/2017 02:00:00,0.017672952,14.604,
439,23/05/2017 02:15:00,0.016483593,14.542,
440,23/05/2017 02:30:00,0.015335063,14.489,
441,23/05/2017 02:45:00,0.014688422,14.436,
442,23/05/2017 03:00:00,0.013717832,14.388,
443,23/05/2017 03:15:00,0.012829219,14.336,
444,23/05/2017 03:30:00,0.011876804,14.286,
445,23/05/2017 03:45:00,0.01115579,14.237,
446,23/05/2017 04:00:00,0.010476901,14.191,
447,23/05/2017 04:15:00,0.009592162,14.146,
448,23/05/2017 04:30:00,0.008924609,14.093,
449,23/05/2017 04:45:00,0.007954854,14.047,
450,23/05/2017 05:00:00,0.007265092,14,
451,23/05/2017 05:15:00,0.00625648,13.952,
452,23/05/2017 05:30:00,0.005626487,13.907,
453,23/05/2017 05:45:00,0.005564762,13.873,
454,23/05/2017 06:00:00,0.005506823,13.864,
455,23/05/2017 06:15:00,0.005518389,13.853,
456,23/05/2017 06:30:00,0.00534061,13.837,
457,23/05/2017 06:45:00,0.005250813,13.82,
458,23/05/2017 07:00:00,0.005580928,13.807,
459,23/05/2017 07:15:00,0.005571583,13.796,
460,23/05/2017 07:30:00,0.005679643,13.793,
461,23/05/2017 07:45:00,0.00561744,13.792,
462,23/05/2017 08:00:00,0.006255301,13.783,
463,23/05/2017 08:15:00,0.006310202,13.787,
464,23/05/2017 08:30:00,0.007430392,13.804,
465,23/05/2017 08:45:00,0.007349854,13.816,
466,23/05/2017 09:00:00,0.00763699,13.823,
467,23/05/2017 09:15:00,0.007935072,13.838,
468,23/05/2017 09:30:00,0.008369038,13.862,
469,23/05/2017 09:45:00,0.009368926,13.88,
470,23/05/2017 10:00:00,0.010010644,13.903,
471,23/05/2017 10:15:00,0.010566439,13.916,
472,23/05/2017 10:30:00,0.011024142,13.924,
473,23/05/2017 10:45:00,0.012261347,13.964,
474,23/05/2017 11:00:00,0.013054159,13.996,
475,23/05/2017 11:15:00,0.013638382,14.027,
476,23/05/2017 11:30:00,0.01485194,14.065,
477,23/05/2017 11:45:00,0.015304988,14.096,
478,23/05/2017 12:00:00,0.016255661,14.135,
479,23/05/2017 12:15:00,0.017773004,14.188,
480,23/05/2017 12:30:00,0.017818952,14.273,
481,23/05/2017 12:45:00,0.019511552,14.361,
482,23/05/2017 13:00:00,0.020547296,14.433,
483,23/05/2017 13:15:00,0.021834963,14.521,
484,23/05/2017 13:30:00,0.022757564,14.577,
485,23/05/2017 13:45:00,0.023090684,14.619,
486,23/05/2017 14:00:00,0.023959824,14.679,
487,23/05/2017 14:15:00,0.025769385,14.758,
488,23/05/2017 14:30:00,0.027050584,14.851,
489,23/05/2017 14:45:00,0.028436184,14.955,
490,23/05/2017 15:00:00,0.029499307,15.022,
491,23/05/2017 15:15:00,0.030781804,15.109,
492,23/05/2017 15:30:00,0.032040651,15.194,
493,23/05/2017 15:45:00,0.032959043,15.29,
494,23/05/2017 16:00:00,0.034033858,15.385,
495,23/05/2017 16:15:00,0.035473612,15.473,
496,23/05/2017 16:30:00,0.03626973,15.563,
497,23/05/2017 16:45:00,0.037625907,15.658,
498,23/05/2017 17:00:00,0.038108114,15.752,
499,23/05/2017 17:15:00,0.038795265,15.836,
500,23/05/2017 17:30:00,0.039822179,15.921,
501,23/05/2017 17:45:00,0.040564923,15.997,
502,23/05/2017 18:00:00,0.041648568,16.079,
503,23/05/2017 18:15:00,0.041807517,16.166,
504,23/05/2017 18:30:00,0.042298729,16.211,
505,23/05/2017 18:45:00,0.042686662,16.275,
506,23/05/2017 19:00:00,0.042397607,16.293,
507,23/05/2017 19:15:00,0.042440161,16.338,
508,23/05/2017 19:30:00,0.041736365,16.353,
509,23/05/2017 19:45:00,0.041765095,16.374,
510,23/05/2017 20:00:00,0.041016135,16.381,
511,23/05/2017 20:15:00,0.040106274,16.376,
512,23/05/2017 20:30:00,0.039480671,16.362,
513,23/05/2017 20:45:00,0.038492652,16.336,
514,23/05/2017 21:00:00,0.037392929,16.302,
515,23/05/2017 21:15:00,0.036163328,16.262,
516,23/05/2017 21:30:00,0.035353264,16.216,
517,23/05/2017 21:45:00,0.033967399,16.166,
518,23/05/2017 22:00:00,0.03289932,16.119,
519,23/05/2017 22:15:00,0.031562048,16.067,
520,23/05/2017 22:30:00,0.030336711,16.019,
521,23/05/2017 22:45:00,0.029491433,15.982,
522,23/05/2017 23:00:00,0.028303123,15.943,
523,23/05/2017 23:15:00,0.027682174,15.906,
524,23/05/2017 23:30:00,0.026664127,15.865,
525,23/05/2017 23:45:00,0.02570958,15.819,
526,24/05/2017 00:00:00,0.024408127,15.764,
527,24/05/2017 00:15:00,0.023443933,15.704,
528,24/05/2017 00:30:00,0.022200507,15.64,
529,24/05/2017 00:45:00,0.020674814,15.567,
530,24/05/2017 01:00:00,0.019100225,15.493,
531,24/05/2017 01:15:00,0.01781947,15.417,
532,24/05/2017 01:30:00,0.016667457,15.342,
533,24/05/2017 01:45:00,0.015552862,15.261,
534,24/05/2017 02:00:00,0.01401736,15.185,
535,24/05/2017 02:15:00,0.012813183,15.108,
536,24/05/2017 02:30:00,0.011501478,15.033,
537,24/05/2017 02:45:00,0.01018247,14.961,
538,24/05/2017 03:00:00,0.009509836,14.889,
539,24/05/2017 03:15:00,0.00827485,14.827,
540,24/05/2017 03:30:00,0.00741088,14.768,
541,24/05/2017 03:45:00,0.006766976,14.717,
542,24/05/2017 04:00:00,0.006220098,14.673,
543,24/05/2017 04:15:00,0.005923402,14.634,
544,24/05/2017 04:30:00,0.005214168,14.595,
545,24/05/2017 04:45:00,0.004657323,14.559,
546,24/05/2017 05:00:00,0.004287692,14.532,
547,24/05/2017 05:15:00,0.004068017,14.509,
548,24/05/2017 05:30:00,0.003459154,14.592,
549,24/05/2017 05:45:00,0.002876672,14.572,
550,24/05/2017 06:00:00,0.00252369,14.553,
551,24/05/2017 06:15:00,0.002561196,14.529,
552,24/05/2017 06:30:00,0.002184565,14.508,
553,24/05/2017 06:45:00,0.001843967,14.505,
554,24/05/2017 07:00:00,0.001251056,14.501,
555,24/05/2017 07:15:00,0.001367715,14.489,
556,24/05/2017 07:30:00,0.001155947,14.469,
557,24/05/2017 07:45:00,0.000960222,14.451,
558,24/05/2017 08:00:00,0.000815827,14.433,
559,24/05/2017 08:15:00,0.000956135,14.423,
560,24/05/2017 08:30:00,0.000664965,14.42,
561,24/05/2017 08:45:00,0.001068761,14.415,
562,24/05/2017 09:00:00,0.000988915,14.415,
563,24/05/2017 09:15:00,0.00134442,14.415,
564,24/05/2017 09:30:00,0.001641293,14.418,
565,24/05/2017 09:45:00,0.002311918,14.426,
566,24/05/2017 10:00:00,0.002214731,14.43,
567,24/05/2017 10:15:00,0.002649389,14.442,
568,24/05/2017 10:30:00,0.002999031,14.453,
569,24/05/2017 10:45:00,0.003398173,14.471,
570,24/05/2017 11:00:00,0.003644321,14.48,
571,24/05/2017 11:15:00,0.004454473,14.508,
572,24/05/2017 11:30:00,0.005306058,14.551,
573,24/05/2017 11:45:00,0.006307067,14.599,
574,24/05/2017 12:00:00,0.007106878,14.625,
575,24/05/2017 12:15:00,0.007474465,14.638,
576,24/05/2017 12:30:00,0.008546808,14.677,
577,24/05/2017 12:45:00,0.008586412,14.699,
578,24/05/2017 13:00:00,0.009051098,14.726,
579,24/05/2017 13:15:00,0.009648486,14.743,
580,24/05/2017 13:30:00,0.010312858,14.777,
581,24/05/2017 13:45:00,0.011654695,14.824,
582,24/05/2017 14:00:00,0.012707566,14.871,
583,24/05/2017 14:15:00,0.013375279,14.913,
584,24/05/2017 14:30:00,0.014201084,14.958,
585,24/05/2017 14:45:00,0.015822135,15.034,
586,24/05/2017 15:00:00,0.016958725,15.088,
587,24/05/2017 15:15:00,0.017637915,15.137,
588,24/05/2017 15:30:00,0.018429732,15.178,
589,24/05/2017 15:45:00,0.018912895,15.206,
590,24/05/2017 16:00:00,0.019997535,15.279,
591,24/05/2017 16:15:00,0.021221877,15.336,
592,24/05/2017 16:30:00,0.022261797,15.418,
593,24/05/2017 16:45:00,0.023107201,15.494,
594,24/05/2017 17:00:00,0.025228755,15.594,
595,24/05/2017 17:15:00,0.026002148,15.666,
596,24/05/2017 17:30:00,0.026718064,15.721,
597,24/05/2017 17:45:00,0.027650313,15.791,
598,24/05/2017 18:00:00,0.029115848,15.877,
599,24/05/2017 18:15:00,0.029187736,15.949,
600,24/05/2017 18:30:00,0.029757355,15.986,
601,24/05/2017 18:45:00,0.030021805,16.032,
602,24/05/2017 19:00:00,0.030255605,16.082,
603,24/05/2017 19:15:00,0.029796128,16.113,
604,24/05/2017 19:30:00,0.030064308,16.152,
605,24/05/2017 19:45:00,0.029565067,16.172,
606,24/05/2017 20:00:00,0.029211908,16.189,
607,24/05/2017 20:15:00,0.028689409,16.192,
608,24/05/2017 20:30:00,0.027694389,16.172,
609,24/05/2017 20:45:00,0.026920056,16.141,
610,24/05/2017 21:00:00,0.025821932,16.104,
611,24/05/2017 21:15:00,0.024487237,16.065,
612,24/05/2017 21:30:00,0.023524855,16.023,
613,24/05/2017 21:45:00,0.022731138,15.982,
614,24/05/2017 22:00:00,0.021202229,15.94,
615,24/05/2017 22:15:00,0.0202781,15.894,
616,24/05/2017 22:30:00,0.019044856,15.843,
617,24/05/2017 22:45:00,0.017865677,15.794,
618,24/05/2017 23:00:00,0.016644373,15.742,
619,24/05/2017 23:15:00,0.015464893,15.69,
620,24/05/2017 23:30:00,0.014289445,15.634,
621,24/05/2017 23:45:00,0.013524937,15.581,
622,25/05/2017 00:00:00,0.012388648,15.53,
623,25/05/2017 00:15:00,0.011511211,15.482,
624,25/05/2017 00:30:00,0.011203339,15.439,
625,25/05/2017 00:45:00,0.010922082,15.396,
626,25/05/2017 01:00:00,0.009248086,15.348,
627,25/05/2017 01:15:00,0.008497951,15.293,
628,25/05/2017 01:30:00,0.007461817,15.236,
629,25/05/2017 01:45:00,0.006316715,15.173,
630,25/05/2017 02:00:00,0.00540385,15.113,
631,25/05/2017 02:15:00,0.004238974,15.055,
632,25/05/2017 02:30:00,0.003641531,15.006,
633,25/05/2017 02:45:00,0.002707061,14.958,
634,25/05/2017 03:00:00,0.001825448,14.9,
635,25/05/2017 03:15:00,0.001441994,14.849,
636,25/05/2017 03:30:00,0.000421211,14.806,
637,25/05/2017 03:45:00,-0.000413638,14.753,
638,25/05/2017 04:00:00,-0.001294949,14.698,
639,25/05/2017 04:15:00,-0.002062424,14.647,
640,25/05/2017 04:30:00,-0.002625346,14.601,
641,25/05/2017 04:45:00,-0.00324386,14.563,
642,25/05/2017 05:00:00,-0.003679035,14.527,
643,25/05/2017 05:15:00,-0.004241654,14.484,
644,25/05/2017 05:30:00,-0.005349728,14.43,
645,25/05/2017 05:45:00,-0.005681852,14.379,
646,25/05/2017 06:00:00,-0.006456933,14.328,
647,25/05/2017 06:15:00,-0.006803129,14.282,
648,25/05/2017 06:30:00,-0.007189408,14.247,
649,25/05/2017 06:45:00,-0.008534762,14.228,
650,25/05/2017 07:00:00,-0.007795538,14.225,
651,25/05/2017 07:15:00,-0.006854122,14.235,
652,25/05/2017 07:30:00,-0.006631178,14.259,
653,25/05/2017 07:45:00,-0.005380115,14.273,
654,25/05/2017 08:00:00,-0.004171639,14.292,
655,25/05/2017 08:15:00,-0.003454499,14.334,
656,25/05/2017 08:30:00,-0.002396281,14.346,
657,25/05/2017 08:45:00,-0.001699129,14.372,
658,25/05/2017 09:00:00,-0.000618186,14.402,
659,25/05/2017 09:15:00,0.000575685,14.427,
660,25/05/2017 09:30:00,0.001281045,14.459,
661,25/05/2017 09:45:00,0.00259879,14.487,
662,25/05/2017 10:00:00,0.003479282,14.515,
663,25/05/2017 10:15:00,0.003938105,14.553,
664,25/05/2017 10:30:00,0.004790773,14.569,
665,25/05/2017 10:45:00,0.005706853,14.598,
666,25/05/2017 11:00:00,0.0061685,14.62,
667,25/05/2017 11:15:00,0.006668702,14.641,
668,25/05/2017 11:30:00,0.007858007,14.671,
669,25/05/2017 11:45:00,0.00788887,14.688,
670,25/05/2017 12:00:00,0.008753318,14.714,
671,25/05/2017 12:15:00,0.009718294,14.744,
672,25/05/2017 12:30:00,0.010768731,14.792,
673,25/05/2017 12:45:00,0.012379831,14.851,
674,25/05/2017 13:00:00,0.013505157,14.919,
675,25/05/2017 13:15:00,0.014838379,15,
676,25/05/2017 13:30:00,0.015718997,15.067,
677,25/05/2017 13:45:00,0.017311531,15.143,
678,25/05/2017 14:00:00,0.01840422,15.233,
679,25/05/2017 14:15:00,0.019611738,15.318,
680,25/05/2017 14:30:00,0.021486843,15.406,
681,25/05/2017 14:45:00,0.022920343,15.52,
682,25/05/2017 15:00:00,0.023581803,15.588,
683,25/05/2017 15:15:00,0.024872596,15.663,
684,25/05/2017 15:30:00,0.026136366,15.778,
685,25/05/2017 15:45:00,0.028019822,15.886,
686,25/05/2017 16:00:00,0.02945462,15.994,
687,25/05/2017 16:15:00,0.030381825,16.102,
688,25/05/2017 16:30:00,0.031634117,16.21,
689,25/05/2017 16:45:00,0.03299081,16.329,
690,25/05/2017 17:00:00,0.034070938,16.439,
691,25/05/2017 17:15:00,0.03505761,16.546,
692,25/05/2017 17:30:00,0.036059009,16.579,
693,25/05/2017 17:45:00,0.037266011,16.64,
694,25/05/2017 18:00:00,0.037948294,16.726,
695,25/05/2017 18:15:00,0.038147237,16.82,
696,25/05/2017 18:30:00,0.038122329,16.881,
697,25/05/2017 18:45:00,0.038675426,16.949,
698,25/05/2017 19:00:00,0.038939485,17.01,
699,25/05/2017 19:15:00,0.039363093,17.057,
700,25/05/2017 19:30:00,0.039154027,17.089,
701,25/05/2017 19:45:00,0.039567773,17.101,
702,25/05/2017 20:00:00,0.038670599,17.115,
703,25/05/2017 20:15:00,0.037493288,17.116,
704,25/05/2017 20:30:00,0.036140027,17.094,
705,25/05/2017 20:45:00,0.034771948,17.057,
706,25/05/2017 21:00:00,0.033434374,17.002,
707,25/05/2017 21:15:00,0.031774076,16.939,
708,25/05/2017 21:30:00,0.030742508,16.877,
709,25/05/2017 21:45:00,0.029249896,16.799,
710,25/05/2017 22:00:00,0.027527786,16.72,
711,25/05/2017 22:15:00,0.025605598,16.649,
712,25/05/2017 22:30:00,0.023918009,16.573,
713,25/05/2017 22:45:00,0.022587826,16.497,
714,25/05/2017 23:00:00,0.020858111,16.418,
715,25/05/2017 23:15:00,0.019848147,16.344,
716,25/05/2017 23:30:00,0.018479409,16.269,
717,25/05/2017 23:45:00,0.01713615,16.189,
718,26/05/2017 00:00:00,0.015637231,16.105,
719,26/05/2017 00:15:00,0.014315878,16.016,
720,26/05/2017 00:30:00,0.012893767,15.927,
721,26/05/2017 00:45:00,0.011415458,15.84,
722,26/05/2017 01:00:00,0.010215544,15.755,
723,26/05/2017 01:15:00,0.00916802,15.673,
724,26/05/2017 01:30:00,0.007873353,15.591,
725,26/05/2017 01:45:00,0.006546209,15.52,
726,26/05/2017 02:00:00,0.005732058,15.446,
727,26/05/2017 02:15:00,0.004417919,15.372,
728,26/05/2017 02:30:00,0.003425295,15.294,
729,26/05/2017 02:45:00,0.002479134,15.218,
730,26/05/2017 03:00:00,0.001414571,15.143,
731,26/05/2017 03:15:00,0.000541255,15.073,
732,26/05/2017 03:30:00,-0.000493654,15.003,
733,26/05/2017 03:45:00,-0.001395184,14.936,
734,26/05/2017 04:00:00,-0.002230637,14.877,
735,26/05/2017 04:15:00,-0.00302997,14.818,
736,26/05/2017 04:30:00,-0.003743451,14.762,
737,26/05/2017 04:45:00,-0.004199147,14.711,
738,26/05/2017 05:00:00,-0.004572563,14.659,
739,26/05/2017 05:15:00,-0.005404676,14.608,
740,26/05/2017 05:30:00,-0.005665856,14.563,
741,26/05/2017 05:45:00,-0.005865366,14.52,
742,26/05/2017 06:00:00,-0.006300842,14.481,
743,26/05/2017 06:15:00,-0.006387512,14.451,
744,26/05/2017 06:30:00,-0.006481484,14.424,
745,26/05/2017 06:45:00,-0.006093039,14.405,
746,26/05/2017 07:00:00,-0.005977979,14.396,
747,26/05/2017 07:15:00,-0.005237546,14.405,
748,26/05/2017 07:30:00,-0.004022159,14.436,
749,26/05/2017 07:45:00,-0.002710793,14.451,
750,26/05/2017 08:00:00,-0.001619812,14.48,
751,26/05/2017 08:15:00,-0.000775529,14.526,
752,26/05/2017 08:30:00,-0.000775529,14.536,
753,26/05/2017 08:45:00,0.0011955,14.566,
754,26/05/2017 09:00:00,0.002099942,14.599,
755,26/05/2017 09:15:00,0.003057616,14.632,
756,26/05/2017 09:30:00,0.003802971,14.671,
757,26/05/2017 09:45:00,0.004852963,14.702,
758,26/05/2017 10:00:00,0.005787521,14.732,
759,26/05/2017 10:15:00,0.006361706,14.764,
760,26/05/2017 10:30:00,0.007250709,14.801,
761,26/05/2017 10:45:00,0.008144883,14.839,
762,26/05/2017 11:00:00,0.008888799,14.87,
763,26/05/2017 11:15:00,0.009599934,14.909,
764,26/05/2017 11:30:00,0.010504981,14.948,
765,26/05/2017 11:45:00,0.011092545,14.987,
766,26/05/2017 12:00:00,0.012067098,15.024,
767,26/05/2017 12:15:00,0.013428781,15.073,
768,26/05/2017 12:30:00,0.014650992,15.134,
769,26/05/2017 12:45:00,0.015598984,15.203,
770,26/05/2017 13:00:00,0.017103979,15.297,
771,26/05/2017 13:15:00,0.018814222,15.384,
772,26/05/2017 13:30:00,0.019891257,15.457,
773,26/05/2017 13:45:00,0.020952391,15.542,
774,26/05/2017 14:00:00,0.022201804,15.634,
775,26/05/2017 14:15:00,0.02383547,15.722,
776,26/05/2017 14:30:00,0.025557493,15.819,
777,26/05/2017 14:45:00,0.02659784,15.943,
778,26/05/2017 15:00:00,0.027717694,16.007,
779,26/05/2017 15:15:00,0.029251508,16.104,
780,26/05/2017 15:30:00,0.030348141,16.208,
781,26/05/2017 15:45:00,0.031881565,16.32,
782,26/05/2017 16:00:00,0.032877281,16.435,
783,26/05/2017 16:15:00,0.034593743,16.546,
784,26/05/2017 16:30:00,0.035632349,16.659,
785,26/05/2017 16:45:00,0.036911328,16.774,
786,26/05/2017 17:00:00,0.038293801,16.891,
787,26/05/2017 17:15:00,0.039153935,17,
788,26/05/2017 17:30:00,0.03987408,17.097,
789,26/05/2017 17:45:00,0.040752088,17.201,
790,26/05/2017 18:00:00,0.041752529,17.3,
791,26/05/2017 18:15:00,0.042190016,17.403,
792,26/05/2017 18:30:00,0.042776497,17.469,
793,26/05/2017 18:45:00,0.043377192,17.544,
794,26/05/2017 19:00:00,0.043482163,17.611,
795,26/05/2017 19:15:00,0.043735046,17.668,
796,26/05/2017 19:30:00,0.043384535,17.705,
797,26/05/2017 19:45:00,0.043039816,17.724,
798,26/05/2017 20:00:00,0.042353663,17.738,
799,26/05/2017 20:15:00,0.041555505,17.741,
800,26/05/2017 20:30:00,0.040715309,17.723,
801,26/05/2017 20:45:00,0.039867597,17.687,
802,26/05/2017 21:00:00,0.038467359,17.639,
803,26/05/2017 21:15:00,0.037289477,17.584,
804,26/05/2017 21:30:00,0.035889096,17.522,
805,26/05/2017 21:45:00,0.034375716,17.458,
806,26/05/2017 22:00:00,0.032783786,17.388,
807,26/05/2017 22:15:00,0.030759632,17.305,
808,26/05/2017 22:30:00,0.029341394,17.223,
809,26/05/2017 22:45:00,0.027962618,17.149,
810,26/05/2017 23:00:00,0.026733193,17.073,
811,26/05/2017 23:15:00,0.025475856,17.003,
812,26/05/2017 23:30:00,0.024455853,16.93,
813,26/05/2017 23:45:00,0.023257983,16.859,
814,27/05/2017 00:00:00,0.021775411,16.78,
815,27/05/2017 00:15:00,0.020827117,16.708,
816,27/05/2017 00:30:00,0.019557307,16.64,
817,27/05/2017 00:45:00,0.018511223,16.566,
818,27/05/2017 01:00:00,0.01752894,16.49,
819,27/05/2017 01:15:00,0.016144993,16.415,
820,27/05/2017 01:30:00,0.015281112,16.338,
821,27/05/2017 01:45:00,0.014428406,16.265,
822,27/05/2017 02:00:00,0.012996168,16.195,
823,27/05/2017 02:15:00,0.01204871,16.125,
824,27/05/2017 02:30:00,0.011165355,16.056,
825,27/05/2017 02:45:00,0.010277737,15.995,
826,27/05/2017 03:00:00,0.009657871,15.931,
827,27/05/2017 03:15:00,0.008519078,15.874,
828,27/05/2017 03:30:00,0.007920728,15.816,
829,27/05/2017 03:45:00,0.00698322,15.763,
830,27/05/2017 04:00:00,0.006477189,15.703,
831,27/05/2017 04:15:00,0.005683027,15.645,
832,27/05/2017 04:30:00,0.004813584,15.582,
833,27/05/2017 04:45:00,0.003808098,15.521,
834,27/05/2017 05:00:00,0.002874321,15.461,
835,27/05/2017 05:15:00,0.002111713,15.408,
836,27/05/2017 05:30:00,0.001355111,15.358,
837,27/05/2017 05:45:00,0.000785883,15.306,
838,27/05/2017 06:00:00,0.000358313,15.27,
839,27/05/2017 06:15:00,-0.000213439,15.237,
840,27/05/2017 06:30:00,-0.000361174,15.211,
841,27/05/2017 06:45:00,-0.000304888,15.191,
842,27/05/2017 07:00:00,-0.000273245,15.178,
843,27/05/2017 07:15:00,0.000350314,15.178,
844,27/05/2017 07:30:00,0.001195378,15.194,
845,27/05/2017 07:45:00,0.002018695,15.208,
846,27/05/2017 08:00:00,0.003107687,15.255,
847,27/05/2017 08:15:00,0.003398164,15.27,
848,27/05/2017 08:30:00,0.004789376,15.285,
849,27/05/2017 08:45:00,0.005589791,15.317,
850,27/05/2017 09:00:00,0.006439031,15.343,
851,27/05/2017 09:15:00,0.007254051,15.369,
852,27/05/2017 09:30:00,0.008112939,15.409,
853,27/05/2017 09:45:00,0.008822332,15.437,
854,27/05/2017 10:00:00,0.009766841,15.484,
855,27/05/2017 10:15:00,0.010929904,15.524,
856,27/05/2017 10:30:00,0.013054371,15.59,
857,27/05/2017 10:45:00,0.013950375,15.621,
858,27/05/2017 11:00:00,0.014419236,15.658,
859,27/05/2017 11:15:00,0.015460238,15.713,
860,27/05/2017 11:30:00,0.016383532,15.757,
861,27/05/2017 11:45:00,0.017580282,15.798,
862,27/05/2017 12:00:00,0.018875943,15.871,
863,27/05/2017 12:15:00,0.019773298,15.928,
864,27/05/2017 12:30:00,0.020734757,15.986,
865,27/05/2017 12:45:00,0.022032852,16.058,
866,27/05/2017 13:00:00,0.023376556,16.155,
867,27/05/2017 13:15:00,0.024864513,16.256,
868,27/05/2017 13:30:00,0.025687104,16.332,
869,27/05/2017 13:45:00,0.026518293,16.399,
870,27/05/2017 14:00:00,0.028245184,16.494,
871,27/05/2017 14:15:00,0.029610405,16.597,
872,27/05/2017 14:30:00,0.030354446,16.667,
873,27/05/2017 14:45:00,0.031856919,16.78,
874,27/05/2017 15:00:00,0.033344184,16.893,
875,27/05/2017 15:15:00,0.034571531,17.005,
876,27/05/2017 15:30:00,0.036235136,17.126,
877,27/05/2017 15:45:00,0.037949466,17.241,
878,27/05/2017 16:00:00,0.038811039,17.358,
879,27/05/2017 16:15:00,0.039659535,17.471,
880,27/05/2017 16:30:00,0.040991141,17.58,
881,27/05/2017 16:45:00,0.041984121,17.693,
882,27/05/2017 17:00:00,0.042976567,17.807,
883,27/05/2017 17:15:00,0.043966278,17.919,
884,27/05/2017 17:30:00,0.044463835,18.027,
885,27/05/2017 17:45:00,0.044895102,18.106,
886,27/05/2017 18:00:00,0.045080524,18.179,
887,27/05/2017 18:15:00,0.045380703,18.24,
888,27/05/2017 18:30:00,0.044986681,18.298,
889,27/05/2017 18:45:00,0.045105954,18.356,
890,27/05/2017 19:00:00,0.044683202,18.393,
891,27/05/2017 19:15:00,0.044523333,18.429,
892,27/05/2017 19:30:00,0.043960592,18.454,
893,27/05/2017 19:45:00,0.043256796,18.469,
894,27/05/2017 20:00:00,0.042205793,18.472,
895,27/05/2017 20:15:00,0.041464223,18.458,
896,27/05/2017 20:30:00,0.040443654,18.436,
897,27/05/2017 20:45:00,0.039364612,18.406,
898,27/05/2017 21:00:00,0.038461005,18.375,
899,27/05/2017 21:15:00,0.037740133,18.34,
900,27/05/2017 21:30:00,0.036600718,18.302,
901,27/05/2017 21:45:00,0.035262452,18.259,
902,27/05/2017 22:00:00,0.034374977,18.212,
903,27/05/2017 22:15:00,0.033536699,18.169,
904,27/05/2017 22:30:00,0.032530592,18.127,
905,27/05/2017 22:45:00,0.031568742,18.084,
906,27/05/2017 23:00:00,0.030238081,18.041,
907,27/05/2017 23:15:00,0.02941471,17.995,
908,27/05/2017 23:30:00,0.02829013,17.947,
909,27/05/2017 23:45:00,0.027760363,17.903,
910,28/05/2017 00:00:00,0.02699859,17.852,
911,28/05/2017 00:15:00,0.025677061,17.799,
912,28/05/2017 00:30:00,0.024604503,17.739,
913,28/05/2017 00:45:00,0.023338567,17.678,
914,28/05/2017 01:00:00,0.022271784,17.625,
915,28/05/2017 01:15:00,0.021398078,17.57,
916,28/05/2017 01:30:00,0.020888615,17.413,
917,28/05/2017 01:45:00,0.019948673,17.361,
918,28/05/2017 02:00:00,0.019040285,17.314,
919,28/05/2017 02:15:00,0.018310369,17.271,
920,28/05/2017 02:30:00,0.017436273,17.231,
921,28/05/2017 02:45:00,0.016530924,17.189,
922,28/05/2017 03:00:00,0.015894464,17.149,
923,28/05/2017 03:15:00,0.018238087,17.107,
924,28/05/2017 03:30:00,0.017183386,17.067,
925,28/05/2017 03:45:00,0.016464647,17.028,
926,28/05/2017 04:00:00,0.015482188,16.988,
927,28/05/2017 04:15:00,0.014832118,16.945,
928,28/05/2017 04:30:00,0.01389278,16.899,
929,28/05/2017 04:45:00,0.013089486,16.851,
930,28/05/2017 05:00:00,0.012410295,16.802,
931,28/05/2017 05:15:00,0.011625177,16.752,
932,28/05/2017 05:30:00,0.01144331,16.708,
933,28/05/2017 05:45:00,0.010415527,16.671,
934,28/05/2017 06:00:00,0.010431214,16.638,
935,28/05/2017 06:15:00,0.009868205,16.61,
936,28/05/2017 06:30:00,0.008884751,16.579,
937,28/05/2017 06:45:00,0.008205473,16.548,
938,28/05/2017 07:00:00,0.007365365,16.512,
939,28/05/2017 07:15:00,0.006939839,16.49,
940,28/05/2017 07:30:00,0.007194283,16.487,
941,28/05/2017 07:45:00,0.007053548,16.455,
942,28/05/2017 08:00:00,0.006969526,16.445,
943,28/05/2017 08:15:00,0.006921928,16.438,
944,28/05/2017 08:30:00,0.007237581,16.445,
945,28/05/2017 08:45:00,0.008231765,16.463,
946,28/05/2017 09:00:00,0.008729835,16.488,
947,28/05/2017 09:15:00,0.009460674,16.515,
948,28/05/2017 09:30:00,0.010335463,16.543,
949,28/05/2017 09:45:00,0.01143762,16.576,
950,28/05/2017 10:00:00,0.012227091,16.6,
951,28/05/2017 10:15:00,0.013016419,16.61,
952,28/05/2017 10:30:00,0.013437308,16.63,
953,28/05/2017 10:45:00,0.01418252,16.655,
954,28/05/2017 11:00:00,0.014875497,16.671,
955,28/05/2017 11:15:00,0.015521781,16.689,
956,28/05/2017 11:30:00,0.015703824,16.697,
957,28/05/2017 11:45:00,0.016587212,16.716,
958,28/05/2017 12:00:00,0.017453793,16.738,
959,28/05/2017 12:15:00,0.018005022,16.756,
960,28/05/2017 12:30:00,0.01867579,16.778,
961,28/05/2017 12:45:00,0.019629199,16.819,
962,28/05/2017 13:00:00,0.020373027,16.868,
963,28/05/2017 13:15:00,0.02147593,16.921,
964,28/05/2017 13:30:00,0.022662323,16.985,
965,28/05/2017 13:45:00,0.023270711,17.042,
966,28/05/2017 14:00:00,0.023833242,17.103,
967,28/05/2017 14:15:00,0.024305976,17.147,
968,28/05/2017 14:30:00,0.024682519,17.186,
969,28/05/2017 14:45:00,0.025287264,17.232,
970,28/05/2017 15:00:00,0.025762735,17.278,
971,28/05/2017 15:15:00,0.02707261,17.36,
972,28/05/2017 15:30:00,0.028705441,17.446,
973,28/05/2017 15:45:00,0.029816821,17.558,
974,28/05/2017 16:00:00,0.031057636,17.659,
975,28/05/2017 16:15:00,0.031962544,17.791,
976,28/05/2017 16:30:00,0.033406385,17.907,
977,28/05/2017 16:45:00,0.033801141,18.001,
978,28/05/2017 17:00:00,0.03437332,18.076,
979,28/05/2017 17:15:00,0.034768164,18.152,
980,28/05/2017 17:30:00,0.035747924,18.247,
981,28/05/2017 17:45:00,0.036827393,18.319,
982,28/05/2017 18:00:00,0.037177375,18.39,
983,28/05/2017 18:15:00,0.037714356,18.449,
984,28/05/2017 18:30:00,0.037945937,18.521,
985,28/05/2017 18:45:00,0.037563393,18.586,
986,28/05/2017 19:00:00,0.037032118,18.634,
987,28/05/2017 19:15:00,0.036703123,18.677,
988,28/05/2017 19:30:00,0.03604897,18.713,
989,28/05/2017 19:45:00,0.035463487,18.745,
990,28/05/2017 20:00:00,0.034984625,18.766,
991,28/05/2017 20:15:00,0.03453284,18.779,
992,28/05/2017 20:30:00,0.033803352,18.778,
993,28/05/2017 20:45:00,0.032998975,18.757,
994,28/05/2017 21:00:00,0.032312696,18.732,
995,28/05/2017 21:15:00,0.031332814,18.705,
996,28/05/2017 21:30:00,0.030312404,18.672,
997,28/05/2017 21:45:00,0.029255803,18.632,
998,28/05/2017 22:00:00,0.028156773,18.586,
999,28/05/2017 22:15:00,0.026980028,18.536,
1000,28/05/2017 22:30:00,0.025676444,18.485,
1001,28/05/2017 22:45:00,0.025043413,18.435,
1002,28/05/2017 23:00:00,0.024544294,18.387,
1003,28/05/2017 23:15:00,0.023463742,18.342,
1004,28/05/2017 23:30:00,0.022639074,18.302,
1005,28/05/2017 23:45:00,0.021774713,18.258,
1006,29/05/2017 00:00:00,0.020558277,18.204,
1007,29/05/2017 00:15:00,0.019653851,18.146,
1008,29/05/2017 00:30:00,0.018572854,18.084,
1009,29/05/2017 00:45:00,0.017527374,18.016,
1010,29/05/2017 01:00:00,0.016309125,17.944,
1011,29/05/2017 01:15:00,0.015257337,17.87,
1012,29/05/2017 01:30:00,0.014254373,17.79,
1013,29/05/2017 01:45:00,0.013323118,17.711,
1014,29/05/2017 02:00:00,0.01193043,17.631,
1015,29/05/2017 02:15:00,0.010800625,17.55,
1016,29/05/2017 02:30:00,0.00963797,17.47,
1017,29/05/2017 02:45:00,0.008447402,17.396,
1018,29/05/2017 03:00:00,0.007594998,17.326,
1019,29/05/2017 03:15:00,0.006902588,17.259,
1020,29/05/2017 03:30:00,0.006159454,17.198,
1021,29/05/2017 03:45:00,0.005435401,17.144,
1022,29/05/2017 04:00:00,0.004752337,17.088,
1023,29/05/2017 04:15:00,0.00386829,17.031,
1024,29/05/2017 04:30:00,0.003133897,16.975,
1025,29/05/2017 04:45:00,0.002308784,16.918,
1026,29/05/2017 05:00:00,0.001687924,16.863,
1027,29/05/2017 05:15:00,0.000881591,16.81,
1028,29/05/2017 05:30:00,0.00022978,16.756,
1029,29/05/2017 05:45:00,-0.000393212,16.705,
1030,29/05/2017 06:00:00,-0.000847469,16.662,
1031,29/05/2017 06:15:00,-0.001257698,16.622,
1032,29/05/2017 06:30:00,-0.001840625,16.585,
1033,29/05/2017 06:45:00,-0.002588876,16.555,
1034,29/05/2017 07:00:00,-0.002208035,16.536,
1035,29/05/2017 07:15:00,-0.002036777,16.525,
1036,29/05/2017 07:30:00,-0.001230713,16.525,
1037,29/05/2017 07:45:00,-0.000605022,16.521,
1038,29/05/2017 08:00:00,0.000171532,16.53,
1039,29/05/2017 08:15:00,0.000502394,16.537,
1040,29/05/2017 08:30:00,0.001179024,16.548,
1041,29/05/2017 08:45:00,0.001937242,16.57,
1042,29/05/2017 09:00:00,0.002828465,16.585,
1043,29/05/2017 09:15:00,0.004016029,16.604,
1044,29/05/2017 09:30:00,0.004972796,16.628,
1045,29/05/2017 09:45:00,0.005404025,16.65,
1046,29/05/2017 10:00:00,0.006538127,16.673,
1047,29/05/2017 10:15:00,0.006487402,16.679,
1048,29/05/2017 10:30:00,0.006444369,16.667,
1049,29/05/2017 10:45:00,0.007349505,16.688,
1050,29/05/2017 11:00:00,0.00771352,16.697,
1051,29/05/2017 11:15:00,0.008730056,16.723,
1052,29/05/2017 11:30:00,0.009508653,16.746,
1053,29/05/2017 11:45:00,0.010416739,16.79,
1054,29/05/2017 12:00:00,0.011071765,16.813,
1055,29/05/2017 12:15:00,0.011618961,16.835,
1056,29/05/2017 12:30:00,0.012539217,16.874,
1057,29/05/2017 12:45:00,0.013592692,16.927,
1058,29/05/2017 13:00:00,0.014650947,16.996,
1059,29/05/2017 13:15:00,0.015838779,17.068,
1060,29/05/2017 13:30:00,0.016613557,17.116,
1061,29/05/2017 13:45:00,0.017308489,17.164,
1062,29/05/2017 14:00:00,0.018494579,17.225,
1063,29/05/2017 14:15:00,0.020430145,17.303,
1064,29/05/2017 14:30:00,0.021049621,17.382,
1065,29/05/2017 14:45:00,0.022033112,17.47,
1066,29/05/2017 15:00:00,0.022718912,17.528,
1067,29/05/2017 15:15:00,0.023255591,17.584,
1068,29/05/2017 15:30:00,0.024517565,17.656,
1069,29/05/2017 15:45:00,0.025130821,17.711,
1070,29/05/2017 16:00:00,0.025808022,17.778,
1071,29/05/2017 16:15:00,0.026573668,17.836,
1072,29/05/2017 16:30:00,0.027630626,17.911,
1073,29/05/2017 16:45:00,0.027700471,17.969,
1074,29/05/2017 17:00:00,0.027830778,18.017,
1075,29/05/2017 17:15:00,0.028009909,18.059,
1076,29/05/2017 17:30:00,0.028367973,18.097,
1077,29/05/2017 17:45:00,0.028926417,18.13,
1078,29/05/2017 18:00:00,0.028888911,18.154,
1079,29/05/2017 18:15:00,0.028114917,18.183,
1080,29/05/2017 18:30:00,0.028643547,18.222,
1081,29/05/2017 18:45:00,0.028402003,18.265,
1082,29/05/2017 19:00:00,0.029065985,18.314,
1083,29/05/2017 19:15:00,0.029235467,18.342,
1084,29/05/2017 19:30:00,0.028699963,18.348,
1085,29/05/2017 19:45:00,0.02760685,18.323,
1086,29/05/2017 20:00:00,0.026732451,18.28,
1087,29/05/2017 20:15:00,0.026010442,18.24,
1088,29/05/2017 20:30:00,0.025244406,18.197,
1089,29/05/2017 20:45:00,0.024690298,18.163,
1090,29/05/2017 21:00:00,0.023841893,18.139,
1091,29/05/2017 21:15:00,0.023268845,18.112,
1092,29/05/2017 21:30:00,0.022305166,18.076,
1093,29/05/2017 21:45:00,0.021345449,18.029,
1094,29/05/2017 22:00:00,0.020064375,17.975,
1095,29/05/2017 22:15:00,0.019262911,17.92,
1096,29/05/2017 22:30:00,0.018533688,17.865,
1097,29/05/2017 22:45:00,0.017356037,17.806,
1098,29/05/2017 23:00:00,0.016116788,17.752,
1099,29/05/2017 23:15:00,0.015570372,17.7,
1100,29/05/2017 23:30:00,0.014443359,17.653,
1101,29/05/2017 23:45:00,0.013351631,17.604,
1102,30/05/2017 00:00:00,0.012775402,17.558,
1103,30/05/2017 00:15:00,0.011900701,17.512,
1104,30/05/2017 00:30:00,0.011357555,17.461,
1105,30/05/2017 00:45:00,0.010662623,17.413,
1106,30/05/2017 01:00:00,0.009620323,17.364,
1107,30/05/2017 01:15:00,0.008754524,17.312,
1108,30/05/2017 01:30:00,0.008409322,17.257,
1109,30/05/2017 01:45:00,0.007231974,17.201,
1110,30/05/2017 02:00:00,0.006409597,17.146,
1111,30/05/2017 02:15:00,0.00562661,17.092,
1112,30/05/2017 02:30:00,0.005064684,17.037,
1113,30/05/2017 02:45:00,0.004356977,16.988,
1114,30/05/2017 03:00:00,0.003823869,16.936,
1115,30/05/2017 03:15:00,0.003030311,16.884,
1116,30/05/2017 03:30:00,0.00208033,16.833,
1117,30/05/2017 03:45:00,0.001119778,16.784,
1118,30/05/2017 04:00:00,0.000976697,16.735,
1119,30/05/2017 04:15:00,-0.000134806,16.691,
1120,30/05/2017 04:30:00,-0.000459024,16.643,
1121,30/05/2017 04:45:00,-0.000668875,16.598,
1122,30/05/2017 05:00:00,-0.000903368,16.56,
1123,30/05/2017 05:15:00,-0.001496635,16.521,
1124,30/05/2017 05:30:00,-0.001808541,16.482,
1125,30/05/2017 05:45:00,-0.002220902,16.446,
1126,30/05/2017 06:00:00,-0.00265851,16.411,
1127,30/05/2017 06:15:00,-0.002964339,16.382,
1128,30/05/2017 06:30:00,-0.0031558,16.356,
1129,30/05/2017 06:45:00,-0.003329315,16.332,
1130,30/05/2017 07:00:00,-0.003422985,16.308,
1131,30/05/2017 07:15:00,-0.00366144,16.281,
1132,30/05/2017 07:30:00,-0.003927275,16.259,
1133,30/05/2017 07:45:00,-0.00374628,16.244,
1134,30/05/2017 08:00:00,-0.003532132,16.231,
1135,30/05/2017 08:15:00,-0.003788922,16.217,
1136,30/05/2017 08:30:00,-0.003640708,16.21,
1137,30/05/2017 08:45:00,-0.00338717,16.198,
1138,30/05/2017 09:00:00,-0.003481834,16.183,
1139,30/05/2017 09:15:00,-0.003391862,16.164,
1140,30/05/2017 09:30:00,-0.003357092,16.138,
1141,30/05/2017 09:45:00,-0.003695772,16.11,
1142,30/05/2017 10:00:00,-0.00372047,16.085,
1143,30/05/2017 10:15:00,-0.003774447,16.065,
1144,30/05/2017 10:30:00,-0.003568205,16.049,
1145,30/05/2017 10:45:00,-0.003512612,16.041,
1146,30/05/2017 11:00:00,-0.002888751,16.044,
1147,30/05/2017 11:15:00,-0.002476125,16.026,
1148,30/05/2017 11:30:00,-0.00171183,16.058,
1149,30/05/2017 11:45:00,-0.000801134,16.065,
1150,30/05/2017 12:00:00,-0.000801134,16.068,
1151,30/05/2017 12:15:00,0.00022409,16.064,
1152,30/05/2017 12:30:00,0.001410658,16.092,
1153,30/05/2017 12:45:00,0.00263326,16.138,
1154,30/05/2017 13:00:00,0.003227308,16.147,
1155,30/05/2017 13:15:00,0.003162759,16.129,
1156,30/05/2017 13:30:00,0.003978169,16.14,
1157,30/05/2017 13:45:00,0.004586129,16.155,
1158,30/05/2017 14:00:00,0.004835013,16.166,
1159,30/05/2017 14:15:00,0.005487001,16.184,
1160,30/05/2017 14:30:00,0.006040664,16.201,
1161,30/05/2017 14:45:00,0.006686558,16.234,
1162,30/05/2017 15:00:00,0.00751071,16.25,
1163,30/05/2017 15:15:00,0.008596361,16.289,
1164,30/05/2017 15:30:00,0.008859761,16.312,
1165,30/05/2017 15:45:00,0.009746117,16.329,
1166,30/05/2017 16:00:00,0.010374972,16.369,
1167,30/05/2017 16:15:00,0.012267594,16.417,
1168,30/05/2017 16:30:00,0.012301192,16.436,
1169,30/05/2017 16:45:00,0.012103604,16.475,
1170,30/05/2017 17:00:00,0.013344986,16.525,
1171,30/05/2017 17:15:00,0.013758858,16.576,
1172,30/05/2017 17:30:00,0.014553108,16.616,
1173,30/05/2017 17:45:00,0.014806772,16.643,
1174,30/05/2017 18:00:00,0.015516611,16.688,
1175,30/05/2017 18:15:00,0.015542819,16.728,
1176,30/05/2017 18:30:00,0.015509577,16.744,
1177,30/05/2017 18:45:00,0.015683999,16.777,
1178,30/05/2017 19:00:00,0.016355068,16.802,
1179,30/05/2017 19:15:00,0.016621507,16.83,
1180,30/05/2017 19:30:00,0.016512452,16.842,
1181,30/05/2017 19:45:00,0.01620037,16.839,
1182,30/05/2017 20:00:00,0.015679701,16.835,
1183,30/05/2017 20:15:00,0.015678564,16.83,
1184,30/05/2017 20:30:00,0.014833197,16.811,
1185,30/05/2017 20:45:00,0.013948068,16.781,
1186,30/05/2017 21:00:00,0.01304446,16.75,
1187,30/05/2017 21:15:00,0.012276594,16.714,
1188,30/05/2017 21:30:00,0.011105322,16.668,
1189,30/05/2017 21:45:00,0.010686884,16.622,
1190,30/05/2017 22:00:00,0.009707552,16.569,
1191,30/05/2017 22:15:00,0.008307704,16.506,
1192,30/05/2017 22:30:00,0.007131048,16.438,
1193,30/05/2017 22:45:00,0.006126557,16.368,
1194,30/05/2017 23:00:00,0.005047692,16.302,
1195,30/05/2017 23:15:00,0.003949052,16.241,
1196,30/05/2017 23:30:00,0.00292022,16.181,
1197,30/05/2017 23:45:00,0.002091464,16.113,
